order_id,customer_id,product_id,store_id,order_date,quantity,unit_price
ORD-000001,CUST-00115,PROD-0007,STORE-024,2025-11-24,5,126.21
ORD-000002,CUST-00105,PROD-0174,STORE-024,2025-03-13,2,297.28
ORD-000003,CUST-00031,PROD-0024,STORE-007,2025-01-17,4,255.14
ORD-000004,CUST-00575,PROD-0051,STORE-023,2025-01-14,7,114.11
ORD-000005,CUST-00285,PROD-0208,STORE-001,2025-10-29,3,350.57
ORD-000006,CUST-00285,PROD-0040,STORE-007,2025-06-24,6,55.58
ORD-000007,CUST-00100,PROD-0092,STORE-012,2025-07-14,5,404.52
ORD-000008,CUST-00550,PROD-0032,STORE-013,2025-08-24,2,278.25
ORD-000009,CUST-00634,PROD-0227,STORE-012,2025-11-18,4,353.75
ORD-000010,CUST-00678,PROD-0059,STORE-025,2025-01-24,5,492.67
ORD-000011,CUST-00104,PROD-0098,STORE-009,2025-04-30,8,319.65
ORD-000012,CUST-00167,PROD-0095,STORE-012,2025-07-06,4,336.73
ORD-000013,CUST-00700,PROD-0166,STORE-003,2025-12-26,3,269.39
ORD-000014,CUST-00168,PROD-0119,STORE-013,2025-05-06,5,494.8
ORD-000015,CUST-00705,PROD-0143,STORE-008,2025-11-24,6,422.2
ORD-000016,CUST-00235,PROD-0211,STORE-002,2025-01-29,6,203.57
ORD-000017,CUST-00217,PROD-0234,STORE-019,2025-02-03,6,110.24
ORD-000018,CUST-00406,PROD-0227,STORE-021,2025-09-13,8,75.71
ORD-000019,CUST-00253,PROD-0191,STORE-018,2025-03-13,5,374.76
ORD-000020,CUST-00598,PROD-0103,STORE-012,2025-08-08,4,498.67
ORD-000021,CUST-00522,PROD-0127,STORE-003,2025-03-12,1,431.24
ORD-000022,CUST-00643,PROD-0041,STORE-022,2025-03-20,7,300.21
ORD-000023,CUST-00391,PROD-0153,STORE-015,2025-07-17,5,485.67
ORD-000024,CUST-00697,PROD-0185,STORE-004,2025-01-06,5,385.45
ORD-000025,CUST-00115,PROD-0076,STORE-014,2025-06-24,3,229.58
ORD-000026,CUST-00513,PROD-0196,STORE-006,2025-05-15,2,435.9
ORD-000027,CUST-00655,PROD-0130,STORE-020,2025-06-02,4,80.65
ORD-000028,CUST-00553,PROD-0245,STORE-025,2025-03-24,1,301.47
ORD-000029,CUST-00020,PROD-0029,STORE-012,2025-09-08,5,123.52
ORD-000030,CUST-00581,PROD-0243,STORE-003,2025-05-04,2,367.28
ORD-000031,CUST-00546,PROD-0197,STORE-005,2025-02-05,3,331.57
ORD-000032,CUST-00170,PROD-0068,STORE-017,2025-10-09,7,482.35
ORD-000033,CUST-00748,PROD-0177,STORE-007,2025-10-04,5,202.49
ORD-000034,CUST-00666,PROD-0096,STORE-015,2025-12-10,8,64.89
ORD-000035,CUST-00066,PROD-0087,STORE-001,2025-04-26,4,296.27
ORD-000036,CUST-00073,PROD-0182,STORE-021,2025-01-04,1,118.32
ORD-000037,CUST-00339,PROD-0019,STORE-017,2025-01-17,4,142.84
ORD-000038,CUST-00220,PROD-0139,STORE-005,2025-09-06,8,125.27
ORD-000039,CUST-00417,PROD-0049,STORE-004,2025-08-31,2,331.19
ORD-000040,CUST-00434,PROD-0106,STORE-015,2025-07-01,1,338.31
ORD-000041,CUST-00101,PROD-0016,STORE-013,2025-11-27,6,401.28
ORD-000042,CUST-00255,PROD-0050,STORE-007,2025-02-25,8,74.38
ORD-000043,CUST-00286,PROD-0119,STORE-008,2025-04-04,2,224.34
ORD-000044,CUST-00101,PROD-0013,STORE-021,2025-10-09,1,484.64
ORD-000045,CUST-00171,PROD-0105,STORE-016,2025-05-02,8,110.79
ORD-000046,CUST-00061,PROD-0043,STORE-013,2025-07-25,1,492.72
ORD-000047,CUST-00466,PROD-0074,STORE-014,2025-05-16,8,81.61
ORD-000048,CUST-00223,PROD-0248,STORE-002,2025-06-01,1,375.24
ORD-000049,CUST-00052,PROD-0150,STORE-016,2025-01-30,3,33.15
ORD-000050,CUST-00083,PROD-0218,STORE-006,2025-09-18,2,299.53
ORD-000051,CUST-00241,PROD-0104,STORE-004,2025-12-12,4,291.55
ORD-000052,CUST-00635,PROD-0021,STORE-014,2025-01-21,6,467.67
ORD-000053,CUST-00686,PROD-0184,STORE-011,2025-04-15,4,136.47
ORD-000054,CUST-00688,PROD-0166,STORE-010,2025-03-09,8,161.5
ORD-000055,CUST-00010,PROD-0118,STORE-020,2025-02-07,2,41.25
ORD-000056,CUST-00519,PROD-0068,STORE-005,2025-04-20,6,441.02
ORD-000057,CUST-00379,PROD-0073,STORE-006,2025-05-06,8,417.69
ORD-000058,CUST-00310,PROD-0157,STORE-021,2025-12-27,1,335.58
ORD-000059,CUST-00307,PROD-0239,STORE-022,2025-10-11,2,469.76
ORD-000060,CUST-00271,PROD-0030,STORE-004,2025-03-10,3,139.8
ORD-000061,CUST-00216,PROD-0184,STORE-011,2025-11-06,4,345.3
ORD-000062,CUST-00518,PROD-0126,STORE-009,2025-05-16,1,50.68
ORD-000063,CUST-00284,PROD-0012,STORE-001,2025-08-05,6,386.69
ORD-000064,CUST-00269,PROD-0042,STORE-024,2025-11-23,8,278.07
ORD-000065,CUST-00575,PROD-0003,STORE-004,2025-08-07,2,472.79
ORD-000066,CUST-00153,PROD-0140,STORE-002,2025-12-20,6,293.33
ORD-000067,CUST-00441,PROD-0033,STORE-002,2025-03-17,5,185.49
ORD-000068,CUST-00367,PROD-0054,STORE-022,2025-01-21,4,335.12
ORD-000069,CUST-00574,PROD-0227,STORE-014,2025-07-01,3,463.24
ORD-000070,CUST-00167,PROD-0250,STORE-006,2025-05-02,7,17.26
ORD-000071,CUST-00422,PROD-0206,STORE-022,2025-06-20,4,137.06
ORD-000072,CUST-00111,PROD-0098,STORE-002,2025-12-26,8,115.09
ORD-000073,CUST-00359,PROD-0079,STORE-008,2025-08-24,4,16.7
ORD-000074,CUST-00409,PROD-0085,STORE-009,2025-04-09,2,483.6
ORD-000075,CUST-00360,PROD-0165,STORE-017,2025-05-23,7,341.35
ORD-000076,CUST-00340,PROD-0241,STORE-001,2025-10-02,2,439.12
ORD-000077,CUST-00183,PROD-0149,STORE-009,2025-05-14,1,58.65
ORD-000078,CUST-00354,PROD-0187,STORE-011,2025-08-11,7,305.06
ORD-000079,CUST-00119,PROD-0099,STORE-019,2025-09-19,4,131.08
ORD-000080,CUST-00447,PROD-0001,STORE-017,2025-12-29,4,185.28
ORD-000081,CUST-00681,PROD-0236,STORE-011,2025-02-05,6,333.37
ORD-000082,CUST-00738,PROD-0231,STORE-010,2025-03-05,5,335.1
ORD-000083,CUST-00413,PROD-0179,STORE-010,2025-06-17,3,99.95
ORD-000084,CUST-00389,PROD-0174,STORE-024,2025-12-07,3,309.67
ORD-000085,CUST-00416,PROD-0141,STORE-001,2025-06-04,5,147.01
ORD-000086,CUST-00594,PROD-0156,STORE-021,2025-08-09,6,235.16
ORD-000087,CUST-00692,PROD-0055,STORE-017,2025-08-15,8,397.89
ORD-000088,CUST-00675,PROD-0022,STORE-010,2025-03-28,6,51.22
ORD-000089,CUST-00689,PROD-0080,STORE-008,2025-05-01,4,77.93
ORD-000090,CUST-00251,PROD-0122,STORE-020,2025-01-24,2,230.42
ORD-000091,CUST-00590,PROD-0050,STORE-023,2025-11-19,7,249.71
ORD-000092,CUST-00152,PROD-0168,STORE-023,2025-05-05,1,446.86
ORD-000093,CUST-00436,PROD-0057,STORE-006,2025-02-24,8,29.85
ORD-000094,CUST-00125,PROD-0117,STORE-005,2025-05-08,8,335.44
ORD-000095,CUST-00610,PROD-0082,STORE-025,2025-10-14,8,308.25
ORD-000096,CUST-00437,PROD-0213,STORE-018,2025-09-16,8,449.11
ORD-000097,CUST-00461,PROD-0067,STORE-025,2025-09-01,4,420.72
ORD-000098,CUST-00534,PROD-0125,STORE-021,2025-05-22,4,140.92
ORD-000099,CUST-00731,PROD-0074,STORE-008,2025-02-09,5,171.23
ORD-000100,CUST-00083,PROD-0036,STORE-005,2025-10-04,4,194.59
ORD-000101,CUST-00724,PROD-0055,STORE-003,2025-03-20,7,206.75
ORD-000102,CUST-00478,PROD-0107,STORE-002,2025-10-05,4,417.27
ORD-000103,CUST-00599,PROD-0243,STORE-023,2025-07-19,1,429.07
ORD-000104,CUST-00390,PROD-0123,STORE-001,2025-10-22,6,152.8
ORD-000105,CUST-00430,PROD-0138,STORE-024,2025-07-19,4,246.66
ORD-000106,CUST-00447,PROD-0125,STORE-001,2025-05-20,7,171.37
ORD-000107,CUST-00415,PROD-0186,STORE-006,2025-12-14,8,460.16
ORD-000108,CUST-00547,PROD-0007,STORE-013,2025-11-15,1,46.54
ORD-000109,CUST-00139,PROD-0222,STORE-015,2025-08-08,3,29.88
ORD-000110,CUST-00336,PROD-0055,STORE-015,2025-07-14,6,172.05
ORD-000111,CUST-00285,PROD-0193,STORE-014,2025-07-14,5,418.27
ORD-000112,CUST-00020,PROD-0192,STORE-018,2025-08-29,1,499.94
ORD-000113,CUST-00230,PROD-0167,STORE-003,2025-06-29,1,378.34
ORD-000114,CUST-00205,PROD-0215,STORE-001,2025-05-07,3,123.07
ORD-000115,CUST-00686,PROD-0030,STORE-019,2025-08-31,4,235.18
ORD-000116,CUST-00378,PROD-0043,STORE-020,2025-05-12,2,390.0
ORD-000117,CUST-00319,PROD-0028,STORE-019,2025-03-25,1,464.79
ORD-000118,CUST-00694,PROD-0233,STORE-013,2025-10-22,7,471.02
ORD-000119,CUST-00078,PROD-0152,STORE-023,2025-04-12,4,55.43
ORD-000120,CUST-00701,PROD-0154,STORE-004,2025-06-04,1,176.86
ORD-000121,CUST-00678,PROD-0095,STORE-003,2025-08-08,6,11.25
ORD-000122,CUST-00502,PROD-0028,STORE-014,2025-08-04,6,319.6
ORD-000123,CUST-00725,PROD-0040,STORE-014,2025-08-24,3,368.22
ORD-000124,CUST-00277,PROD-0158,STORE-018,2025-11-30,8,235.1
ORD-000125,CUST-00275,PROD-0083,STORE-008,2025-10-31,2,143.06
ORD-000126,CUST-00250,PROD-0193,STORE-015,2025-08-19,7,171.51
ORD-000127,CUST-00333,PROD-0047,STORE-016,2025-09-11,4,180.63
ORD-000128,CUST-00349,PROD-0072,STORE-020,2025-05-13,5,280.11
ORD-000129,CUST-00196,PROD-0022,STORE-008,2025-09-22,7,246.84
ORD-000130,CUST-00708,PROD-0122,STORE-021,2025-05-04,8,226.84
ORD-000131,CUST-00096,PROD-0076,STORE-008,2025-01-09,7,347.42
ORD-000132,CUST-00680,PROD-0149,STORE-012,2025-06-06,8,278.96
ORD-000133,CUST-00436,PROD-0191,STORE-018,2025-06-26,6,179.14
ORD-000134,CUST-00278,PROD-0079,STORE-009,2025-08-21,4,64.71
ORD-000135,CUST-00324,PROD-0031,STORE-024,2025-04-09,3,99.8
ORD-000136,CUST-00284,PROD-0186,STORE-019,2025-09-05,5,490.34
ORD-000137,CUST-00304,PROD-0059,STORE-012,2025-04-10,3,154.61
ORD-000138,CUST-00547,PROD-0033,STORE-009,2025-12-29,1,487.27
ORD-000139,CUST-00300,PROD-0179,STORE-005,2025-10-11,8,55.77
ORD-000140,CUST-00588,PROD-0073,STORE-016,2025-01-07,8,223.02
ORD-000141,CUST-00053,PROD-0065,STORE-016,2025-04-05,2,411.94
ORD-000142,CUST-00504,PROD-0019,STORE-019,2025-07-25,1,80.09
ORD-000143,CUST-00312,PROD-0022,STORE-008,2025-10-16,2,281.24
ORD-000144,CUST-00621,PROD-0153,STORE-020,2025-08-02,4,388.96
ORD-000145,CUST-00462,PROD-0233,STORE-015,2025-07-14,5,430.77
ORD-000146,CUST-00313,PROD-0146,STORE-020,2025-08-08,1,306.76
ORD-000147,CUST-00213,PROD-0161,STORE-007,2025-02-20,5,331.9
ORD-000148,CUST-00246,PROD-0045,STORE-018,2025-03-22,2,82.47
ORD-000149,CUST-00462,PROD-0177,STORE-020,2025-07-29,8,149.16
ORD-000150,CUST-00296,PROD-0181,STORE-010,2025-04-29,8,40.22
ORD-000151,CUST-00271,PROD-0202,STORE-021,2025-04-30,4,215.43
ORD-000152,CUST-00231,PROD-0166,STORE-005,2025-10-06,5,414.17
ORD-000153,CUST-00062,PROD-0043,STORE-010,2025-02-06,5,222.37
ORD-000154,CUST-00706,PROD-0078,STORE-023,2025-08-28,7,471.61
ORD-000155,CUST-00553,PROD-0127,STORE-015,2025-09-14,2,301.02
ORD-000156,CUST-00331,PROD-0155,STORE-009,2025-08-10,1,50.2
ORD-000157,CUST-00590,PROD-0151,STORE-001,2025-12-12,5,290.23
ORD-000158,CUST-00482,PROD-0133,STORE-021,2025-03-31,8,458.45
ORD-000159,CUST-00600,PROD-0112,STORE-021,2025-04-03,8,484.67
ORD-000160,CUST-00357,PROD-0105,STORE-011,2025-08-29,6,336.71
ORD-000161,CUST-00338,PROD-0106,STORE-023,2025-03-24,8,147.66
ORD-000162,CUST-00564,PROD-0010,STORE-015,2025-07-25,2,160.68
ORD-000163,CUST-00119,PROD-0249,STORE-025,2025-06-15,7,433.12
ORD-000164,CUST-00674,PROD-0223,STORE-018,2025-01-01,8,209.55
ORD-000165,CUST-00531,PROD-0093,STORE-020,2025-04-07,8,314.57
ORD-000166,CUST-00209,PROD-0069,STORE-018,2025-01-27,3,464.19
ORD-000167,CUST-00716,PROD-0125,STORE-004,2025-08-13,1,486.7
ORD-000168,CUST-00246,PROD-0182,STORE-006,2025-11-08,5,277.66
ORD-000169,CUST-00418,PROD-0024,STORE-008,2025-10-10,2,233.41
ORD-000170,CUST-00664,PROD-0214,STORE-005,2025-03-02,8,466.65
ORD-000171,CUST-00522,PROD-0181,STORE-009,2025-05-30,7,418.18
ORD-000172,CUST-00250,PROD-0117,STORE-018,2025-08-30,3,194.87
ORD-000173,CUST-00521,PROD-0192,STORE-005,2025-11-03,2,141.73
ORD-000174,CUST-00349,PROD-0240,STORE-017,2025-08-01,5,411.16
ORD-000175,CUST-00744,PROD-0077,STORE-019,2025-05-25,8,433.29
ORD-000176,CUST-00552,PROD-0124,STORE-012,2025-08-17,6,278.19
ORD-000177,CUST-00387,PROD-0117,STORE-011,2025-10-06,4,490.47
ORD-000178,CUST-00586,PROD-0099,STORE-008,2025-05-03,7,26.6
ORD-000179,CUST-00723,PROD-0234,STORE-013,2025-08-31,7,494.25
ORD-000180,CUST-00156,PROD-0127,STORE-002,2025-11-30,3,253.62
ORD-000181,CUST-00340,PROD-0223,STORE-004,2025-10-30,8,54.35
ORD-000182,CUST-00016,PROD-0185,STORE-005,2025-08-22,7,436.1
ORD-000183,CUST-00077,PROD-0121,STORE-009,2025-03-21,6,313.5
ORD-000184,CUST-00666,PROD-0021,STORE-011,2025-07-23,7,477.29
ORD-000185,CUST-00736,PROD-0228,STORE-025,2025-11-17,8,436.82
ORD-000186,CUST-00633,PROD-0018,STORE-008,2025-01-19,5,498.72
ORD-000187,CUST-00445,PROD-0026,STORE-025,2025-02-16,2,224.61
ORD-000188,CUST-00307,PROD-0232,STORE-001,2025-12-22,1,165.56
ORD-000189,CUST-00301,PROD-0092,STORE-012,2025-01-29,7,77.05
ORD-000190,CUST-00422,PROD-0145,STORE-022,2025-09-29,3,89.13
ORD-000191,CUST-00625,PROD-0223,STORE-013,2025-02-10,4,251.34
ORD-000192,CUST-00147,PROD-0060,STORE-015,2025-10-26,5,232.48
ORD-000193,CUST-00010,PROD-0231,STORE-015,2025-12-08,5,340.41
ORD-000194,CUST-00076,PROD-0114,STORE-012,2025-03-22,5,321.26
ORD-000195,CUST-00707,PROD-0065,STORE-015,2025-08-06,5,103.6
ORD-000196,CUST-00495,PROD-0028,STORE-008,2025-07-16,7,288.09
ORD-000197,CUST-00303,PROD-0180,STORE-010,2025-10-22,1,489.07
ORD-000198,CUST-00406,PROD-0071,STORE-001,2025-12-04,1,455.75
ORD-000199,CUST-00294,PROD-0199,STORE-008,2025-09-12,6,113.4
ORD-000200,CUST-00636,PROD-0065,STORE-022,2025-04-08,3,315.97
ORD-000201,CUST-00662,PROD-0011,STORE-010,2025-11-18,8,21.51
ORD-000202,CUST-00750,PROD-0034,STORE-003,2025-07-06,5,166.72
ORD-000203,CUST-00180,PROD-0052,STORE-005,2025-08-01,6,267.76
ORD-000204,CUST-00169,PROD-0066,STORE-016,2025-05-20,5,374.54
ORD-000205,CUST-00118,PROD-0120,STORE-003,2025-06-23,3,378.29
ORD-000206,CUST-00693,PROD-0186,STORE-022,2025-04-26,7,483.79
ORD-000207,CUST-00375,PROD-0024,STORE-013,2025-10-13,1,135.9
ORD-000208,CUST-00466,PROD-0095,STORE-022,2025-03-05,5,294.35
ORD-000209,CUST-00381,PROD-0028,STORE-022,2025-11-23,4,238.37
ORD-000210,CUST-00575,PROD-0084,STORE-020,2025-11-14,4,325.58
ORD-000211,CUST-00476,PROD-0233,STORE-023,2025-11-22,5,326.36
ORD-000212,CUST-00144,PROD-0012,STORE-002,2025-03-01,5,497.97
ORD-000213,CUST-00100,PROD-0061,STORE-018,2025-03-01,3,197.37
ORD-000214,CUST-00687,PROD-0244,STORE-024,2025-07-09,7,295.72
ORD-000215,CUST-00425,PROD-0168,STORE-004,2025-03-21,8,309.74
ORD-000216,CUST-00034,PROD-0177,STORE-012,2025-05-24,4,224.46
ORD-000217,CUST-00372,PROD-0026,STORE-022,2025-05-01,6,274.5
ORD-000218,CUST-00368,PROD-0016,STORE-013,2025-11-27,5,98.95
ORD-000219,CUST-00466,PROD-0024,STORE-022,2025-03-04,4,322.63
ORD-000220,CUST-00022,PROD-0013,STORE-011,2025-11-02,4,494.46
ORD-000221,CUST-00211,PROD-0018,STORE-025,2025-10-17,4,295.25
ORD-000222,CUST-00337,PROD-0199,STORE-005,2025-04-30,1,142.24
ORD-000223,CUST-00134,PROD-0139,STORE-009,2025-03-16,3,59.4
ORD-000224,CUST-00135,PROD-0004,STORE-012,2025-01-14,4,296.47
ORD-000225,CUST-00179,PROD-0068,STORE-002,2025-01-09,3,372.14
ORD-000226,CUST-00117,PROD-0191,STORE-003,2025-09-27,8,226.89
ORD-000227,CUST-00526,PROD-0152,STORE-004,2025-07-05,8,254.39
ORD-000228,CUST-00045,PROD-0187,STORE-022,2025-11-11,5,231.72
ORD-000229,CUST-00063,PROD-0123,STORE-013,2025-01-16,7,344.61
ORD-000230,CUST-00730,PROD-0233,STORE-015,2025-09-09,2,450.13
ORD-000231,CUST-00623,PROD-0038,STORE-003,2025-06-14,3,141.12
ORD-000232,CUST-00600,PROD-0141,STORE-023,2025-11-21,6,193.54
ORD-000233,CUST-00544,PROD-0076,STORE-015,2025-11-02,7,54.08
ORD-000234,CUST-00118,PROD-0219,STORE-021,2025-12-26,4,217.87
ORD-000235,CUST-00424,PROD-0087,STORE-015,2025-04-27,7,210.9
ORD-000236,CUST-00321,PROD-0110,STORE-011,2025-02-18,5,190.27
ORD-000237,CUST-00704,PROD-0237,STORE-016,2025-03-20,2,50.15
ORD-000238,CUST-00096,PROD-0111,STORE-004,2025-02-13,6,406.82
ORD-000239,CUST-00062,PROD-0151,STORE-018,2025-10-12,6,336.65
ORD-000240,CUST-00363,PROD-0224,STORE-022,2025-07-30,7,434.7
ORD-000241,CUST-00295,PROD-0154,STORE-010,2025-01-27,6,56.27
ORD-000242,CUST-00218,PROD-0040,STORE-022,2025-09-17,8,115.99
ORD-000243,CUST-00359,PROD-0217,STORE-018,2025-02-25,6,61.86
ORD-000244,CUST-00588,PROD-0058,STORE-014,2025-05-23,1,306.44
ORD-000245,CUST-00711,PROD-0069,STORE-001,2025-12-03,3,140.26
ORD-000246,CUST-00348,PROD-0090,STORE-001,2025-06-08,3,435.57
ORD-000247,CUST-00674,PROD-0103,STORE-003,2025-10-17,3,371.77
ORD-000248,CUST-00094,PROD-0192,STORE-017,2025-01-16,4,191.21
ORD-000249,CUST-00350,PROD-0041,STORE-012,2025-08-21,5,362.18
ORD-000250,CUST-00611,PROD-0022,STORE-002,2025-10-18,3,82.91
ORD-000251,CUST-00051,PROD-0173,STORE-003,2025-11-13,5,224.33
ORD-000252,CUST-00498,PROD-0156,STORE-015,2025-08-06,7,140.21
ORD-000253,CUST-00117,PROD-0089,STORE-014,2025-09-20,2,145.2
ORD-000254,CUST-00608,PROD-0125,STORE-017,2025-12-14,5,27.47
ORD-000255,CUST-00614,PROD-0015,STORE-001,2025-07-22,4,154.19
ORD-000256,CUST-00141,PROD-0196,STORE-009,2025-04-19,5,167.41
ORD-000257,CUST-00510,PROD-0192,STORE-014,2025-01-04,3,68.94
ORD-000258,CUST-00721,PROD-0059,STORE-017,2025-09-30,6,40.67
ORD-000259,CUST-00447,PROD-0005,STORE-015,2025-01-22,2,431.73
ORD-000260,CUST-00440,PROD-0147,STORE-013,2025-10-22,7,148.3
ORD-000261,CUST-00022,PROD-0248,STORE-011,2025-07-27,3,401.64
ORD-000262,CUST-00472,PROD-0213,STORE-023,2025-11-13,6,48.61
ORD-000263,CUST-00250,PROD-0112,STORE-019,2025-02-24,7,264.35
ORD-000264,CUST-00318,PROD-0191,STORE-011,2025-07-22,4,169.86
ORD-000265,CUST-00079,PROD-0131,STORE-021,2025-03-28,2,267.64
ORD-000266,CUST-00358,PROD-0090,STORE-024,2025-04-10,3,121.94
ORD-000267,CUST-00263,PROD-0051,STORE-006,2025-03-16,3,381.3
ORD-000268,CUST-00078,PROD-0046,STORE-025,2025-12-02,8,234.65
ORD-000269,CUST-00594,PROD-0115,STORE-022,2025-10-16,6,432.79
ORD-000270,CUST-00324,PROD-0039,STORE-015,2025-11-18,2,237.11
ORD-000271,CUST-00311,PROD-0204,STORE-009,2025-11-20,1,179.2
ORD-000272,CUST-00318,PROD-0119,STORE-015,2025-02-07,1,33.15
ORD-000273,CUST-00079,PROD-0166,STORE-003,2025-05-27,7,234.03
ORD-000274,CUST-00043,PROD-0116,STORE-019,2025-10-11,4,164.15
ORD-000275,CUST-00514,PROD-0039,STORE-002,2025-09-01,8,56.22
ORD-000276,CUST-00732,PROD-0022,STORE-017,2025-06-25,3,24.37
ORD-000277,CUST-00449,PROD-0113,STORE-017,2025-12-29,3,185.12
ORD-000278,CUST-00397,PROD-0105,STORE-025,2025-05-25,6,341.04
ORD-000279,CUST-00647,PROD-0166,STORE-011,2025-01-27,2,168.19
ORD-000280,CUST-00695,PROD-0099,STORE-010,2025-10-13,5,363.24
ORD-000281,CUST-00618,PROD-0224,STORE-005,2025-12-03,6,45.33
ORD-000282,CUST-00145,PROD-0235,STORE-012,2025-12-06,5,484.0
ORD-000283,CUST-00679,PROD-0101,STORE-005,2025-12-24,2,158.23
ORD-000284,CUST-00659,PROD-0203,STORE-011,2025-07-12,3,336.7
ORD-000285,CUST-00540,PROD-0024,STORE-021,2025-12-17,7,256.69
ORD-000286,CUST-00372,PROD-0080,STORE-006,2025-01-10,4,174.15
ORD-000287,CUST-00197,PROD-0058,STORE-005,2025-09-06,3,43.19
ORD-000288,CUST-00520,PROD-0198,STORE-018,2025-02-21,1,332.64
ORD-000289,CUST-00135,PROD-0153,STORE-013,2025-11-13,3,85.3
ORD-000290,CUST-00640,PROD-0208,STORE-006,2025-12-21,8,26.62
ORD-000291,CUST-00693,PROD-0185,STORE-008,2025-07-06,8,307.23
ORD-000292,CUST-00240,PROD-0137,STORE-008,2025-08-18,5,482.96
ORD-000293,CUST-00199,PROD-0095,STORE-022,2025-08-29,8,233.52
ORD-000294,CUST-00392,PROD-0129,STORE-017,2025-05-25,7,483.29
ORD-000295,CUST-00620,PROD-0036,STORE-009,2025-04-13,1,322.37
ORD-000296,CUST-00568,PROD-0240,STORE-004,2025-07-10,2,146.1
ORD-000297,CUST-00280,PROD-0116,STORE-017,2025-03-24,3,416.36
ORD-000298,CUST-00228,PROD-0210,STORE-015,2025-02-16,6,465.57
ORD-000299,CUST-00055,PROD-0102,STORE-017,2025-08-01,6,121.7
ORD-000300,CUST-00384,PROD-0058,STORE-001,2025-02-11,6,465.75
ORD-000301,CUST-00344,PROD-0203,STORE-005,2025-11-29,3,23.95
ORD-000302,CUST-00713,PROD-0213,STORE-005,2025-08-30,8,227.05
ORD-000303,CUST-00082,PROD-0005,STORE-009,2025-01-03,4,418.3
ORD-000304,CUST-00745,PROD-0156,STORE-017,2025-10-08,7,60.03
ORD-000305,CUST-00244,PROD-0078,STORE-004,2025-05-28,1,123.02
ORD-000306,CUST-00638,PROD-0118,STORE-003,2025-11-24,2,419.15
ORD-000307,CUST-00612,PROD-0138,STORE-001,2025-09-13,4,360.67
ORD-000308,CUST-00440,PROD-0001,STORE-020,2025-05-30,6,124.07
ORD-000309,CUST-00192,PROD-0171,STORE-022,2025-08-02,2,264.11
ORD-000310,CUST-00070,PROD-0245,STORE-017,2025-07-04,1,198.26
ORD-000311,CUST-00045,PROD-0163,STORE-013,2025-08-29,6,130.55
ORD-000312,CUST-00366,PROD-0202,STORE-003,2025-01-09,6,124.35
ORD-000313,CUST-00644,PROD-0027,STORE-025,2025-12-03,6,71.03
ORD-000314,CUST-00560,PROD-0087,STORE-021,2025-06-30,3,416.03
ORD-000315,CUST-00476,PROD-0179,STORE-016,2025-12-17,3,406.68
ORD-000316,CUST-00734,PROD-0199,STORE-015,2025-02-02,1,150.24
ORD-000317,CUST-00205,PROD-0227,STORE-002,2025-01-23,6,467.01
ORD-000318,CUST-00408,PROD-0209,STORE-018,2025-09-21,8,130.38
ORD-000319,CUST-00196,PROD-0074,STORE-012,2025-11-28,1,433.56
ORD-000320,CUST-00280,PROD-0032,STORE-012,2025-06-19,7,445.29
ORD-000321,CUST-00396,PROD-0087,STORE-006,2025-08-14,8,347.56
ORD-000322,CUST-00532,PROD-0069,STORE-003,2025-07-08,7,44.06
ORD-000323,CUST-00185,PROD-0140,STORE-010,2025-11-05,6,55.78
ORD-000324,CUST-00677,PROD-0076,STORE-010,2025-06-17,8,303.29
ORD-000325,CUST-00171,PROD-0177,STORE-015,2025-08-07,6,226.32
ORD-000326,CUST-00630,PROD-0112,STORE-009,2025-06-30,1,42.14
ORD-000327,CUST-00416,PROD-0094,STORE-017,2025-11-23,3,476.62
ORD-000328,CUST-00623,PROD-0174,STORE-015,2025-03-15,1,67.47
ORD-000329,CUST-00661,PROD-0094,STORE-012,2025-05-01,7,474.98
ORD-000330,CUST-00620,PROD-0040,STORE-022,2025-01-17,8,474.66
ORD-000331,CUST-00455,PROD-0196,STORE-003,2025-07-10,3,267.07
ORD-000332,CUST-00322,PROD-0167,STORE-009,2025-07-23,4,480.45
ORD-000333,CUST-00191,PROD-0128,STORE-017,2025-01-14,7,457.19
ORD-000334,CUST-00269,PROD-0199,STORE-009,2025-03-02,8,111.2
ORD-000335,CUST-00293,PROD-0178,STORE-016,2025-11-10,4,65.7
ORD-000336,CUST-00463,PROD-0045,STORE-023,2025-02-07,8,498.63
ORD-000337,CUST-00328,PROD-0171,STORE-012,2025-12-16,2,277.24
ORD-000338,CUST-00308,PROD-0218,STORE-006,2025-05-29,3,397.87
ORD-000339,CUST-00230,PROD-0032,STORE-007,2025-09-18,3,122.17
ORD-000340,CUST-00027,PROD-0093,STORE-018,2025-09-10,6,236.36
ORD-000341,CUST-00133,PROD-0157,STORE-003,2025-10-10,2,158.09
ORD-000342,CUST-00539,PROD-0106,STORE-025,2025-09-03,7,412.54
ORD-000343,CUST-00129,PROD-0249,STORE-011,2025-02-07,2,227.73
ORD-000344,CUST-00530,PROD-0089,STORE-005,2025-12-15,3,385.04
ORD-000345,CUST-00444,PROD-0129,STORE-002,2025-03-08,2,261.45
ORD-000346,CUST-00169,PROD-0042,STORE-011,2025-06-05,4,176.27
ORD-000347,CUST-00291,PROD-0217,STORE-003,2025-09-23,5,102.16
ORD-000348,CUST-00282,PROD-0033,STORE-021,2025-10-10,5,309.13
ORD-000349,CUST-00515,PROD-0165,STORE-006,2025-02-17,3,89.73
ORD-000350,CUST-00738,PROD-0231,STORE-020,2025-11-16,6,422.04
ORD-000351,CUST-00043,PROD-0212,STORE-001,2025-10-16,2,27.49
ORD-000352,CUST-00591,PROD-0068,STORE-021,2025-11-25,4,384.63
ORD-000353,CUST-00633,PROD-0164,STORE-001,2025-08-02,8,445.04
ORD-000354,CUST-00297,PROD-0165,STORE-010,2025-10-07,8,126.2
ORD-000355,CUST-00416,PROD-0077,STORE-015,2025-12-17,2,345.85
ORD-000356,CUST-00451,PROD-0107,STORE-016,2025-03-22,8,105.98
ORD-000357,CUST-00148,PROD-0081,STORE-023,2025-11-07,6,368.42
ORD-000358,CUST-00409,PROD-0034,STORE-025,2025-06-26,6,259.91
ORD-000359,CUST-00327,PROD-0062,STORE-015,2025-02-24,2,137.39
ORD-000360,CUST-00145,PROD-0025,STORE-002,2025-05-07,5,472.96
ORD-000361,CUST-00429,PROD-0064,STORE-006,2025-11-12,6,467.2
ORD-000362,CUST-00195,PROD-0196,STORE-006,2025-06-10,8,497.99
ORD-000363,CUST-00511,PROD-0226,STORE-010,2025-08-28,8,16.46
ORD-000364,CUST-00518,PROD-0118,STORE-008,2025-07-21,4,293.75
ORD-000365,CUST-00052,PROD-0073,STORE-016,2025-01-25,8,146.44
ORD-000366,CUST-00111,PROD-0111,STORE-005,2025-01-05,5,365.11
ORD-000367,CUST-00375,PROD-0012,STORE-013,2025-07-26,1,287.28
ORD-000368,CUST-00372,PROD-0142,STORE-010,2025-04-10,2,196.23
ORD-000369,CUST-00564,PROD-0072,STORE-020,2025-08-19,2,68.68
ORD-000370,CUST-00404,PROD-0096,STORE-011,2025-02-19,6,378.7
ORD-000371,CUST-00617,PROD-0131,STORE-013,2025-04-12,1,27.42
ORD-000372,CUST-00731,PROD-0086,STORE-016,2025-03-12,8,78.72
ORD-000373,CUST-00144,PROD-0084,STORE-020,2025-09-21,6,85.43
ORD-000374,CUST-00307,PROD-0152,STORE-011,2025-11-12,8,355.82
ORD-000375,CUST-00487,PROD-0209,STORE-001,2025-06-03,6,168.95
ORD-000376,CUST-00427,PROD-0150,STORE-010,2025-02-26,1,300.46
ORD-000377,CUST-00672,PROD-0201,STORE-025,2025-05-16,4,362.08
ORD-000378,CUST-00492,PROD-0044,STORE-017,2025-10-26,7,78.14
ORD-000379,CUST-00249,PROD-0009,STORE-019,2025-12-15,2,99.43
ORD-000380,CUST-00322,PROD-0108,STORE-005,2025-08-14,7,346.79
ORD-000381,CUST-00514,PROD-0199,STORE-020,2025-07-30,8,437.03
ORD-000382,CUST-00723,PROD-0036,STORE-017,2025-02-01,4,282.63
ORD-000383,CUST-00490,PROD-0135,STORE-013,2025-12-06,6,478.55
ORD-000384,CUST-00546,PROD-0088,STORE-018,2025-08-24,6,339.54
ORD-000385,CUST-00659,PROD-0206,STORE-023,2025-12-15,5,306.98
ORD-000386,CUST-00253,PROD-0072,STORE-018,2025-04-09,5,116.3
ORD-000387,CUST-00296,PROD-0181,STORE-007,2025-06-02,8,161.93
ORD-000388,CUST-00574,PROD-0240,STORE-024,2025-06-28,5,147.45
ORD-000389,CUST-00693,PROD-0140,STORE-013,2025-10-21,7,410.09
ORD-000390,CUST-00298,PROD-0011,STORE-010,2025-03-16,2,176.44
ORD-000391,CUST-00672,PROD-0066,STORE-024,2025-08-15,8,110.91
ORD-000392,CUST-00278,PROD-0239,STORE-018,2025-10-03,5,72.94
ORD-000393,CUST-00601,PROD-0062,STORE-008,2025-11-12,1,336.56
ORD-000394,CUST-00232,PROD-0164,STORE-008,2025-09-29,1,54.59
ORD-000395,CUST-00735,PROD-0121,STORE-004,2025-06-19,3,7.55
ORD-000396,CUST-00162,PROD-0105,STORE-021,2025-10-09,8,241.33
ORD-000397,CUST-00295,PROD-0083,STORE-010,2025-04-13,1,454.42
ORD-000398,CUST-00668,PROD-0147,STORE-008,2025-02-15,1,457.04
ORD-000399,CUST-00428,PROD-0226,STORE-006,2025-03-31,1,498.59
ORD-000400,CUST-00508,PROD-0048,STORE-024,2025-07-23,5,438.98
ORD-000401,CUST-00306,PROD-0146,STORE-020,2025-01-05,2,464.58
ORD-000402,CUST-00292,PROD-0117,STORE-021,2025-06-21,8,445.17
ORD-000403,CUST-00517,PROD-0120,STORE-009,2025-03-10,4,405.35
ORD-000404,CUST-00167,PROD-0188,STORE-015,2025-06-19,5,360.7
ORD-000405,CUST-00346,PROD-0203,STORE-010,2025-01-08,4,91.86
ORD-000406,CUST-00416,PROD-0212,STORE-014,2025-11-24,6,47.93
ORD-000407,CUST-00098,PROD-0048,STORE-005,2025-12-09,8,165.17
ORD-000408,CUST-00007,PROD-0067,STORE-013,2025-05-08,4,226.12
ORD-000409,CUST-00338,PROD-0078,STORE-019,2025-05-17,1,134.46
ORD-000410,CUST-00710,PROD-0061,STORE-002,2025-07-04,2,235.36
ORD-000411,CUST-00416,PROD-0176,STORE-017,2025-03-23,5,346.68
ORD-000412,CUST-00303,PROD-0095,STORE-020,2025-11-24,4,113.46
ORD-000413,CUST-00490,PROD-0040,STORE-015,2025-03-10,6,210.83
ORD-000414,CUST-00483,PROD-0194,STORE-018,2025-10-09,4,382.11
ORD-000415,CUST-00611,PROD-0224,STORE-003,2025-12-15,8,266.44
ORD-000416,CUST-00080,PROD-0235,STORE-019,2025-07-05,2,35.56
ORD-000417,CUST-00518,PROD-0052,STORE-019,2025-10-08,3,86.44
ORD-000418,CUST-00453,PROD-0030,STORE-022,2025-09-24,4,359.86
ORD-000419,CUST-00094,PROD-0231,STORE-017,2025-09-08,8,405.29
ORD-000420,CUST-00136,PROD-0132,STORE-014,2025-08-21,8,284.13
ORD-000421,CUST-00474,PROD-0173,STORE-010,2025-10-14,1,200.98
ORD-000422,CUST-00224,PROD-0149,STORE-003,2025-01-02,1,214.72
ORD-000423,CUST-00066,PROD-0139,STORE-002,2025-12-25,2,493.13
ORD-000424,CUST-00033,PROD-0074,STORE-014,2025-08-30,3,385.63
ORD-000425,CUST-00747,PROD-0166,STORE-014,2025-11-25,6,496.45
ORD-000426,CUST-00460,PROD-0223,STORE-013,2025-07-15,7,44.71
ORD-000427,CUST-00553,PROD-0035,STORE-021,2025-12-05,6,63.71
ORD-000428,CUST-00403,PROD-0136,STORE-005,2025-10-03,4,418.23
ORD-000429,CUST-00306,PROD-0119,STORE-022,2025-01-12,7,268.3
ORD-000430,CUST-00254,PROD-0118,STORE-012,2025-04-28,3,141.44
ORD-000431,CUST-00033,PROD-0208,STORE-022,2025-02-27,7,309.38
ORD-000432,CUST-00247,PROD-0053,STORE-003,2025-01-09,2,298.99
ORD-000433,CUST-00613,PROD-0173,STORE-023,2025-08-17,1,126.13
ORD-000434,CUST-00412,PROD-0113,STORE-008,2025-01-23,4,378.41
ORD-000435,CUST-00144,PROD-0129,STORE-010,2025-01-29,4,408.8
ORD-000436,CUST-00327,PROD-0148,STORE-020,2025-10-22,6,122.26
ORD-000437,CUST-00677,PROD-0134,STORE-008,2025-03-15,7,153.74
ORD-000438,CUST-00571,PROD-0243,STORE-019,2025-02-01,3,314.86
ORD-000439,CUST-00570,PROD-0127,STORE-002,2025-08-07,6,471.08
ORD-000440,CUST-00391,PROD-0202,STORE-017,2025-12-10,6,349.66
ORD-000441,CUST-00153,PROD-0077,STORE-013,2025-07-29,3,378.43
ORD-000442,CUST-00247,PROD-0218,STORE-008,2025-08-31,5,429.47
ORD-000443,CUST-00475,PROD-0235,STORE-002,2025-03-15,7,484.04
ORD-000444,CUST-00543,PROD-0035,STORE-013,2025-10-13,4,131.21
ORD-000445,CUST-00663,PROD-0021,STORE-015,2025-06-19,6,50.76
ORD-000446,CUST-00053,PROD-0069,STORE-013,2025-04-08,1,437.43
ORD-000447,CUST-00602,PROD-0186,STORE-022,2025-04-07,4,242.29
ORD-000448,CUST-00311,PROD-0245,STORE-001,2025-06-20,4,468.88
ORD-000449,CUST-00491,PROD-0235,STORE-008,2025-03-02,4,201.32
ORD-000450,CUST-00566,PROD-0083,STORE-025,2025-05-03,5,193.42
ORD-000451,CUST-00665,PROD-0092,STORE-010,2025-10-01,5,183.01
ORD-000452,CUST-00478,PROD-0026,STORE-024,2025-09-12,8,382.0
ORD-000453,CUST-00209,PROD-0095,STORE-011,2025-06-13,7,27.62
ORD-000454,CUST-00150,PROD-0005,STORE-009,2025-04-24,7,151.11
ORD-000455,CUST-00338,PROD-0059,STORE-013,2025-04-11,4,252.14
ORD-000456,CUST-00702,PROD-0087,STORE-009,2025-12-02,8,483.41
ORD-000457,CUST-00503,PROD-0118,STORE-006,2025-11-25,6,88.78
ORD-000458,CUST-00501,PROD-0048,STORE-018,2025-10-07,1,264.34
ORD-000459,CUST-00685,PROD-0013,STORE-025,2025-02-08,1,209.12
ORD-000460,CUST-00237,PROD-0018,STORE-023,2025-11-19,3,9.52
ORD-000461,CUST-00467,PROD-0096,STORE-002,2025-09-16,8,331.34
ORD-000462,CUST-00007,PROD-0137,STORE-018,2025-01-09,7,10.86
ORD-000463,CUST-00740,PROD-0071,STORE-018,2025-09-29,5,13.48
ORD-000464,CUST-00691,PROD-0111,STORE-006,2025-12-24,2,459.42
ORD-000465,CUST-00153,PROD-0062,STORE-007,2025-09-26,5,408.52
ORD-000466,CUST-00407,PROD-0021,STORE-012,2025-05-17,7,232.19
ORD-000467,CUST-00714,PROD-0058,STORE-010,2025-05-05,2,328.59
ORD-000468,CUST-00033,PROD-0024,STORE-013,2025-11-29,7,191.69
ORD-000469,CUST-00058,PROD-0164,STORE-001,2025-09-01,3,45.92
ORD-000470,CUST-00661,PROD-0201,STORE-011,2025-08-11,2,447.91
ORD-000471,CUST-00236,PROD-0055,STORE-023,2025-01-22,8,139.18
ORD-000472,CUST-00701,PROD-0237,STORE-009,2025-02-08,1,93.77
ORD-000473,CUST-00017,PROD-0247,STORE-007,2025-06-11,3,377.36
ORD-000474,CUST-00408,PROD-0238,STORE-003,2025-12-31,5,85.4
ORD-000475,CUST-00581,PROD-0214,STORE-013,2025-05-04,6,194.99
ORD-000476,CUST-00706,PROD-0186,STORE-003,2025-03-13,6,31.57
ORD-000477,CUST-00238,PROD-0215,STORE-003,2025-08-12,6,304.55
ORD-000478,CUST-00610,PROD-0102,STORE-025,2025-11-11,6,19.65
ORD-000479,CUST-00462,PROD-0126,STORE-008,2025-05-20,6,278.74
ORD-000480,CUST-00443,PROD-0048,STORE-022,2025-07-12,7,47.41
ORD-000481,CUST-00303,PROD-0205,STORE-008,2025-11-13,2,45.6
ORD-000482,CUST-00390,PROD-0183,STORE-021,2025-03-20,3,371.12
ORD-000483,CUST-00370,PROD-0028,STORE-003,2025-06-12,1,471.76
ORD-000484,CUST-00369,PROD-0195,STORE-009,2025-08-16,2,70.58
ORD-000485,CUST-00442,PROD-0115,STORE-018,2025-04-06,7,56.12
ORD-000486,CUST-00363,PROD-0142,STORE-003,2025-02-15,6,432.53
ORD-000487,CUST-00299,PROD-0106,STORE-013,2025-01-07,2,363.79
ORD-000488,CUST-00249,PROD-0147,STORE-017,2025-10-14,3,344.22
ORD-000489,CUST-00143,PROD-0069,STORE-010,2025-03-28,5,249.09
ORD-000490,CUST-00172,PROD-0112,STORE-009,2025-02-02,7,153.37
ORD-000491,CUST-00370,PROD-0065,STORE-008,2025-02-09,8,298.92
ORD-000492,CUST-00469,PROD-0028,STORE-005,2025-04-11,5,8.34
ORD-000493,CUST-00341,PROD-0216,STORE-020,2025-07-22,7,403.01
ORD-000494,CUST-00451,PROD-0086,STORE-014,2025-06-18,3,153.71
ORD-000495,CUST-00712,PROD-0052,STORE-016,2025-11-05,6,92.92
ORD-000496,CUST-00327,PROD-0075,STORE-024,2025-07-23,8,484.03
ORD-000497,CUST-00334,PROD-0097,STORE-009,2025-05-05,7,185.67
ORD-000498,CUST-00205,PROD-0152,STORE-018,2025-10-16,3,342.44
ORD-000499,CUST-00028,PROD-0244,STORE-024,2025-10-09,8,471.76
ORD-000500,CUST-00449,PROD-0205,STORE-010,2025-04-18,2,410.38
ORD-000501,CUST-00690,PROD-0128,STORE-005,2025-07-29,5,124.79
ORD-000502,CUST-00158,PROD-0184,STORE-014,2025-12-04,7,41.6
ORD-000503,CUST-00491,PROD-0150,STORE-013,2025-11-03,7,274.09
ORD-000504,CUST-00719,PROD-0230,STORE-018,2025-07-04,2,59.13
ORD-000505,CUST-00674,PROD-0171,STORE-012,2025-05-08,3,325.25
ORD-000506,CUST-00577,PROD-0166,STORE-022,2025-01-23,7,483.56
ORD-000507,CUST-00441,PROD-0028,STORE-001,2025-06-19,2,133.07
ORD-000508,CUST-00532,PROD-0143,STORE-019,2025-09-19,4,225.65
ORD-000509,CUST-00475,PROD-0198,STORE-022,2025-07-20,3,175.75
ORD-000510,CUST-00495,PROD-0027,STORE-010,2025-01-13,7,460.66
ORD-000511,CUST-00119,PROD-0213,STORE-024,2025-02-13,3,177.41
ORD-000512,CUST-00467,PROD-0201,STORE-007,2025-06-25,8,177.4
ORD-000513,CUST-00449,PROD-0185,STORE-023,2025-02-19,8,162.85
ORD-000514,CUST-00046,PROD-0208,STORE-023,2025-06-03,2,16.17
ORD-000515,CUST-00664,PROD-0028,STORE-022,2025-06-25,3,465.3
ORD-000516,CUST-00529,PROD-0045,STORE-018,2025-05-05,3,168.83
ORD-000517,CUST-00474,PROD-0060,STORE-013,2025-08-07,3,97.25
ORD-000518,CUST-00443,PROD-0102,STORE-001,2025-12-03,4,227.53
ORD-000519,CUST-00399,PROD-0002,STORE-023,2025-08-08,4,106.85
ORD-000520,CUST-00065,PROD-0148,STORE-004,2025-12-27,3,186.06
ORD-000521,CUST-00469,PROD-0030,STORE-009,2025-04-11,8,266.21
ORD-000522,CUST-00321,PROD-0153,STORE-013,2025-11-24,7,295.56
ORD-000523,CUST-00361,PROD-0217,STORE-015,2025-06-28,3,407.79
ORD-000524,CUST-00305,PROD-0236,STORE-020,2025-12-28,2,337.68
ORD-000525,CUST-00121,PROD-0062,STORE-010,2025-06-10,2,95.6
ORD-000526,CUST-00145,PROD-0131,STORE-013,2025-12-22,7,300.22
ORD-000527,CUST-00393,PROD-0109,STORE-006,2025-10-22,8,319.56
ORD-000528,CUST-00661,PROD-0239,STORE-006,2025-12-22,3,247.36
ORD-000529,CUST-00192,PROD-0081,STORE-015,2025-03-13,1,433.42
ORD-000530,CUST-00497,PROD-0035,STORE-007,2025-01-05,7,482.09
ORD-000531,CUST-00669,PROD-0127,STORE-014,2025-09-16,8,210.73
ORD-000532,CUST-00501,PROD-0043,STORE-003,2025-08-16,1,398.95
ORD-000533,CUST-00300,PROD-0009,STORE-009,2025-04-23,4,271.11
ORD-000534,CUST-00469,PROD-0145,STORE-024,2025-03-28,8,277.1
ORD-000535,CUST-00587,PROD-0030,STORE-009,2025-02-27,6,273.3
ORD-000536,CUST-00737,PROD-0113,STORE-018,2025-01-22,4,494.93
ORD-000537,CUST-00670,PROD-0193,STORE-008,2025-02-22,5,438.02
ORD-000538,CUST-00461,PROD-0068,STORE-012,2025-01-17,2,222.33
ORD-000539,CUST-00243,PROD-0054,STORE-024,2025-03-02,6,431.21
ORD-000540,CUST-00648,PROD-0110,STORE-006,2025-11-09,3,393.49
ORD-000541,CUST-00061,PROD-0146,STORE-012,2025-04-16,5,300.43
ORD-000542,CUST-00332,PROD-0181,STORE-010,2025-03-28,5,288.49
ORD-000543,CUST-00696,PROD-0209,STORE-004,2025-09-21,3,481.56
ORD-000544,CUST-00061,PROD-0071,STORE-021,2025-07-30,3,352.2
ORD-000545,CUST-00256,PROD-0038,STORE-023,2025-03-09,6,415.09
ORD-000546,CUST-00403,PROD-0126,STORE-005,2025-12-13,5,315.76
ORD-000547,CUST-00463,PROD-0020,STORE-021,2025-07-12,2,204.4
ORD-000548,CUST-00712,PROD-0240,STORE-012,2025-05-23,8,475.37
ORD-000549,CUST-00596,PROD-0001,STORE-025,2025-06-17,2,366.8
ORD-000550,CUST-00651,PROD-0171,STORE-023,2025-08-23,6,425.79
ORD-000551,CUST-00408,PROD-0056,STORE-014,2025-10-01,4,249.87
ORD-000552,CUST-00291,PROD-0087,STORE-018,2025-06-15,3,285.23
ORD-000553,CUST-00352,PROD-0229,STORE-022,2025-09-06,1,27.73
ORD-000554,CUST-00471,PROD-0005,STORE-004,2025-11-17,3,223.43
ORD-000555,CUST-00439,PROD-0052,STORE-023,2025-01-01,3,441.65
ORD-000556,CUST-00163,PROD-0224,STORE-009,2025-06-04,2,329.01
ORD-000557,CUST-00085,PROD-0096,STORE-022,2025-05-09,3,30.62
ORD-000558,CUST-00313,PROD-0186,STORE-023,2025-11-17,4,217.46
ORD-000559,CUST-00721,PROD-0025,STORE-001,2025-02-16,4,241.01
ORD-000560,CUST-00608,PROD-0058,STORE-017,2025-03-09,8,9.59
ORD-000561,CUST-00352,PROD-0210,STORE-004,2025-12-23,7,348.54
ORD-000562,CUST-00073,PROD-0059,STORE-013,2025-09-02,2,366.72
ORD-000563,CUST-00106,PROD-0081,STORE-012,2025-02-22,5,72.87
ORD-000564,CUST-00657,PROD-0174,STORE-005,2025-03-10,2,267.59
ORD-000565,CUST-00625,PROD-0167,STORE-006,2025-01-05,8,178.83
ORD-000566,CUST-00644,PROD-0192,STORE-005,2025-04-20,7,309.95
ORD-000567,CUST-00223,PROD-0023,STORE-004,2025-08-15,3,377.45
ORD-000568,CUST-00748,PROD-0099,STORE-012,2025-10-29,7,160.67
ORD-000569,CUST-00254,PROD-0071,STORE-021,2025-03-13,2,127.83
ORD-000570,CUST-00615,PROD-0185,STORE-020,2025-11-04,5,390.58
ORD-000571,CUST-00028,PROD-0218,STORE-022,2025-12-20,5,106.69
ORD-000572,CUST-00522,PROD-0049,STORE-024,2025-11-07,7,151.28
ORD-000573,CUST-00246,PROD-0127,STORE-013,2025-01-28,2,124.33
ORD-000574,CUST-00609,PROD-0019,STORE-017,2025-11-23,1,493.5
ORD-000575,CUST-00136,PROD-0100,STORE-019,2025-06-12,7,185.87
ORD-000576,CUST-00177,PROD-0196,STORE-016,2025-12-16,2,13.25
ORD-000577,CUST-00015,PROD-0068,STORE-007,2025-02-04,1,461.67
ORD-000578,CUST-00519,PROD-0074,STORE-021,2025-07-23,7,214.66
ORD-000579,CUST-00085,PROD-0164,STORE-018,2025-07-25,3,142.34
ORD-000580,CUST-00081,PROD-0131,STORE-007,2025-06-08,3,270.5
ORD-000581,CUST-00601,PROD-0163,STORE-025,2025-07-20,2,158.52
ORD-000582,CUST-00748,PROD-0245,STORE-008,2025-08-12,1,126.01
ORD-000583,CUST-00119,PROD-0117,STORE-020,2025-08-11,1,158.09
ORD-000584,CUST-00180,PROD-0031,STORE-001,2025-12-03,3,352.23
ORD-000585,CUST-00509,PROD-0244,STORE-012,2025-03-25,5,87.64
ORD-000586,CUST-00276,PROD-0188,STORE-004,2025-03-06,1,170.82
ORD-000587,CUST-00279,PROD-0135,STORE-003,2025-08-08,5,357.59
ORD-000588,CUST-00643,PROD-0020,STORE-016,2025-10-23,8,257.83
ORD-000589,CUST-00512,PROD-0220,STORE-019,2025-01-29,3,187.0
ORD-000590,CUST-00106,PROD-0229,STORE-019,2025-05-11,2,118.05
ORD-000591,CUST-00003,PROD-0012,STORE-001,2025-09-18,4,27.75
ORD-000592,CUST-00393,PROD-0236,STORE-005,2025-07-06,3,465.91
ORD-000593,CUST-00567,PROD-0206,STORE-023,2025-01-19,7,116.13
ORD-000594,CUST-00427,PROD-0235,STORE-024,2025-05-08,6,139.26
ORD-000595,CUST-00586,PROD-0096,STORE-004,2025-02-09,1,93.77
ORD-000596,CUST-00048,PROD-0245,STORE-013,2025-09-22,2,439.1
ORD-000597,CUST-00319,PROD-0084,STORE-003,2025-05-25,8,8.93
ORD-000598,CUST-00299,PROD-0145,STORE-010,2025-04-13,4,234.63
ORD-000599,CUST-00506,PROD-0198,STORE-025,2025-10-30,4,367.56
ORD-000600,CUST-00252,PROD-0039,STORE-001,2025-10-07,7,16.83
ORD-000601,CUST-00355,PROD-0163,STORE-023,2025-10-05,1,475.73
ORD-000602,CUST-00674,PROD-0097,STORE-024,2025-01-01,5,56.44
ORD-000603,CUST-00244,PROD-0108,STORE-016,2025-09-29,1,486.41
ORD-000604,CUST-00729,PROD-0072,STORE-003,2025-03-14,1,461.02
ORD-000605,CUST-00423,PROD-0180,STORE-012,2025-09-24,8,487.39
ORD-000606,CUST-00595,PROD-0025,STORE-017,2025-02-13,3,320.41
ORD-000607,CUST-00077,PROD-0152,STORE-019,2025-07-21,1,220.31
ORD-000608,CUST-00243,PROD-0075,STORE-009,2025-03-08,6,463.38
ORD-000609,CUST-00718,PROD-0213,STORE-024,2025-07-21,6,162.43
ORD-000610,CUST-00240,PROD-0020,STORE-007,2025-05-20,3,391.06
ORD-000611,CUST-00112,PROD-0040,STORE-004,2025-10-27,3,227.53
ORD-000612,CUST-00417,PROD-0031,STORE-018,2025-06-10,6,482.48
ORD-000613,CUST-00463,PROD-0079,STORE-015,2025-04-17,5,426.97
ORD-000614,CUST-00162,PROD-0207,STORE-022,2025-02-16,5,414.05
ORD-000615,CUST-00618,PROD-0011,STORE-007,2025-12-23,6,78.41
ORD-000616,CUST-00255,PROD-0248,STORE-012,2025-12-31,7,259.15
ORD-000617,CUST-00307,PROD-0067,STORE-006,2025-12-13,1,476.28
ORD-000618,CUST-00570,PROD-0192,STORE-018,2025-08-20,4,51.88
ORD-000619,CUST-00144,PROD-0032,STORE-001,2025-02-22,1,416.02
ORD-000620,CUST-00134,PROD-0051,STORE-013,2025-04-24,6,344.7
ORD-000621,CUST-00087,PROD-0150,STORE-019,2025-11-27,5,459.12
ORD-000622,CUST-00023,PROD-0017,STORE-007,2025-02-08,8,405.59
ORD-000623,CUST-00340,PROD-0032,STORE-002,2025-02-17,8,30.06
ORD-000624,CUST-00444,PROD-0211,STORE-024,2025-10-21,7,250.57
ORD-000625,CUST-00700,PROD-0110,STORE-006,2025-07-15,6,111.27
ORD-000626,CUST-00282,PROD-0072,STORE-015,2025-04-06,3,22.14
ORD-000627,CUST-00632,PROD-0063,STORE-021,2025-11-14,5,251.94
ORD-000628,CUST-00491,PROD-0016,STORE-003,2025-10-09,5,194.58
ORD-000629,CUST-00205,PROD-0165,STORE-017,2025-08-03,4,317.21
ORD-000630,CUST-00020,PROD-0098,STORE-023,2025-10-06,6,242.43
ORD-000631,CUST-00353,PROD-0234,STORE-019,2025-09-06,6,197.24
ORD-000632,CUST-00027,PROD-0082,STORE-020,2025-04-03,4,19.5
ORD-000633,CUST-00060,PROD-0208,STORE-016,2025-05-24,6,384.58
ORD-000634,CUST-00164,PROD-0026,STORE-008,2025-04-30,4,136.92
ORD-000635,CUST-00225,PROD-0148,STORE-013,2025-01-29,6,467.92
ORD-000636,CUST-00181,PROD-0061,STORE-019,2025-03-30,6,404.06
ORD-000637,CUST-00368,PROD-0234,STORE-019,2025-12-24,1,353.2
ORD-000638,CUST-00582,PROD-0145,STORE-005,2025-06-30,4,419.15
ORD-000639,CUST-00556,PROD-0080,STORE-006,2025-09-10,8,23.78
ORD-000640,CUST-00239,PROD-0155,STORE-008,2025-01-29,1,265.58
ORD-000641,CUST-00340,PROD-0235,STORE-020,2025-01-01,4,404.18
ORD-000642,CUST-00735,PROD-0046,STORE-011,2025-06-24,1,15.84
ORD-000643,CUST-00722,PROD-0235,STORE-005,2025-10-28,2,424.0
ORD-000644,CUST-00075,PROD-0096,STORE-023,2025-07-06,7,295.07
ORD-000645,CUST-00310,PROD-0083,STORE-005,2025-06-22,3,367.5
ORD-000646,CUST-00655,PROD-0246,STORE-016,2025-08-12,6,91.22
ORD-000647,CUST-00711,PROD-0228,STORE-020,2025-10-15,6,115.49
ORD-000648,CUST-00180,PROD-0097,STORE-010,2025-10-29,5,68.03
ORD-000649,CUST-00719,PROD-0243,STORE-019,2025-01-01,7,426.11
ORD-000650,CUST-00034,PROD-0047,STORE-020,2025-10-18,6,460.9
ORD-000651,CUST-00227,PROD-0164,STORE-019,2025-11-10,2,468.65
ORD-000652,CUST-00340,PROD-0191,STORE-003,2025-03-14,4,176.66
ORD-000653,CUST-00172,PROD-0163,STORE-003,2025-06-13,6,226.07
ORD-000654,CUST-00215,PROD-0064,STORE-023,2025-05-16,2,178.48
ORD-000655,CUST-00738,PROD-0001,STORE-002,2025-02-25,7,221.91
ORD-000656,CUST-00171,PROD-0227,STORE-014,2025-08-03,8,441.47
ORD-000657,CUST-00560,PROD-0097,STORE-004,2025-06-29,8,395.41
ORD-000658,CUST-00667,PROD-0195,STORE-022,2025-10-23,4,85.5
ORD-000659,CUST-00035,PROD-0076,STORE-001,2025-02-07,6,134.25
ORD-000660,CUST-00076,PROD-0088,STORE-006,2025-02-23,7,84.64
ORD-000661,CUST-00561,PROD-0242,STORE-003,2025-02-08,6,299.04
ORD-000662,CUST-00495,PROD-0181,STORE-001,2025-11-11,7,471.5
ORD-000663,CUST-00622,PROD-0228,STORE-014,2025-03-26,3,31.5
ORD-000664,CUST-00211,PROD-0250,STORE-007,2025-06-19,7,350.1
ORD-000665,CUST-00272,PROD-0170,STORE-010,2025-10-04,5,122.58
ORD-000666,CUST-00403,PROD-0147,STORE-018,2025-01-26,8,81.02
ORD-000667,CUST-00004,PROD-0110,STORE-003,2025-07-04,5,412.82
ORD-000668,CUST-00615,PROD-0123,STORE-007,2025-11-17,2,17.73
ORD-000669,CUST-00654,PROD-0075,STORE-003,2025-03-29,8,422.66
ORD-000670,CUST-00408,PROD-0121,STORE-016,2025-06-07,5,50.1
ORD-000671,CUST-00397,PROD-0048,STORE-012,2025-10-06,7,187.84
ORD-000672,CUST-00046,PROD-0068,STORE-015,2025-08-17,8,135.37
ORD-000673,CUST-00578,PROD-0016,STORE-005,2025-05-18,2,47.42
ORD-000674,CUST-00555,PROD-0106,STORE-025,2025-06-26,4,279.02
ORD-000675,CUST-00536,PROD-0108,STORE-018,2025-07-18,8,288.48
ORD-000676,CUST-00488,PROD-0077,STORE-003,2025-05-01,7,451.86
ORD-000677,CUST-00515,PROD-0147,STORE-017,2025-01-18,3,64.53
ORD-000678,CUST-00178,PROD-0243,STORE-006,2025-08-18,4,405.18
ORD-000679,CUST-00044,PROD-0109,STORE-003,2025-03-06,7,104.94
ORD-000680,CUST-00152,PROD-0214,STORE-020,2025-11-18,5,163.27
ORD-000681,CUST-00090,PROD-0100,STORE-018,2025-02-04,7,278.26
ORD-000682,CUST-00533,PROD-0118,STORE-001,2025-05-22,7,60.69
ORD-000683,CUST-00152,PROD-0146,STORE-019,2025-03-18,2,462.83
ORD-000684,CUST-00104,PROD-0202,STORE-010,2025-10-16,6,439.55
ORD-000685,CUST-00393,PROD-0168,STORE-016,2025-05-16,8,23.54
ORD-000686,CUST-00413,PROD-0037,STORE-020,2025-05-22,7,24.19
ORD-000687,CUST-00708,PROD-0061,STORE-002,2025-06-19,8,460.8
ORD-000688,CUST-00021,PROD-0087,STORE-010,2025-07-10,5,143.76
ORD-000689,CUST-00713,PROD-0176,STORE-004,2025-09-09,4,71.51
ORD-000690,CUST-00329,PROD-0069,STORE-024,2025-08-15,7,304.45
ORD-000691,CUST-00193,PROD-0114,STORE-007,2025-02-15,7,371.76
ORD-000692,CUST-00383,PROD-0211,STORE-002,2025-09-22,3,37.47
ORD-000693,CUST-00519,PROD-0104,STORE-005,2025-12-30,1,90.99
ORD-000694,CUST-00060,PROD-0064,STORE-002,2025-04-13,8,30.02
ORD-000695,CUST-00722,PROD-0051,STORE-009,2025-07-04,6,412.63
ORD-000696,CUST-00407,PROD-0163,STORE-004,2025-09-16,1,124.75
ORD-000697,CUST-00609,PROD-0115,STORE-006,2025-09-08,8,295.5
ORD-000698,CUST-00353,PROD-0042,STORE-009,2025-06-29,2,146.1
ORD-000699,CUST-00051,PROD-0042,STORE-019,2025-07-17,4,429.26
ORD-000700,CUST-00231,PROD-0174,STORE-007,2025-11-28,5,327.53
ORD-000701,CUST-00021,PROD-0222,STORE-025,2025-09-20,1,239.67
ORD-000702,CUST-00663,PROD-0045,STORE-020,2025-03-09,1,115.76
ORD-000703,CUST-00313,PROD-0183,STORE-023,2025-11-08,5,214.77
ORD-000704,CUST-00358,PROD-0118,STORE-009,2025-07-12,4,236.01
ORD-000705,CUST-00534,PROD-0212,STORE-020,2025-12-13,7,294.31
ORD-000706,CUST-00524,PROD-0170,STORE-012,2025-01-04,5,152.74
ORD-000707,CUST-00494,PROD-0017,STORE-011,2025-02-25,5,322.08
ORD-000708,CUST-00268,PROD-0168,STORE-023,2025-05-22,5,98.23
ORD-000709,CUST-00247,PROD-0231,STORE-002,2025-09-22,7,331.95
ORD-000710,CUST-00144,PROD-0185,STORE-001,2025-12-15,8,498.74
ORD-000711,CUST-00429,PROD-0104,STORE-013,2025-05-13,1,293.59
ORD-000712,CUST-00195,PROD-0088,STORE-024,2025-10-20,4,344.72
ORD-000713,CUST-00488,PROD-0233,STORE-022,2025-11-23,6,256.11
ORD-000714,CUST-00674,PROD-0225,STORE-018,2025-03-29,3,150.41
ORD-000715,CUST-00132,PROD-0190,STORE-009,2025-08-30,3,473.72
ORD-000716,CUST-00671,PROD-0023,STORE-008,2025-06-21,6,115.54
ORD-000717,CUST-00431,PROD-0202,STORE-011,2025-06-07,6,133.97
ORD-000718,CUST-00475,PROD-0218,STORE-004,2025-05-31,8,31.56
ORD-000719,CUST-00598,PROD-0149,STORE-020,2025-11-21,2,238.74
ORD-000720,CUST-00513,PROD-0031,STORE-022,2025-04-10,7,267.26
ORD-000721,CUST-00056,PROD-0223,STORE-005,2025-07-31,3,496.2
ORD-000722,CUST-00420,PROD-0146,STORE-015,2025-06-25,3,161.6
ORD-000723,CUST-00083,PROD-0125,STORE-011,2025-04-03,3,160.13
ORD-000724,CUST-00005,PROD-0116,STORE-009,2025-01-30,4,381.78
ORD-000725,CUST-00591,PROD-0196,STORE-006,2025-03-28,8,393.67
ORD-000726,CUST-00133,PROD-0158,STORE-014,2025-02-15,7,204.67
ORD-000727,CUST-00393,PROD-0002,STORE-002,2025-09-02,4,366.67
ORD-000728,CUST-00330,PROD-0194,STORE-017,2025-01-08,4,13.86
ORD-000729,CUST-00642,PROD-0188,STORE-008,2025-01-03,4,348.28
ORD-000730,CUST-00320,PROD-0034,STORE-004,2025-06-26,7,254.14
ORD-000731,CUST-00172,PROD-0017,STORE-002,2025-06-06,5,474.48
ORD-000732,CUST-00746,PROD-0134,STORE-020,2025-08-22,6,219.65
ORD-000733,CUST-00138,PROD-0088,STORE-016,2025-12-18,6,376.3
ORD-000734,CUST-00414,PROD-0005,STORE-008,2025-03-26,4,364.94
ORD-000735,CUST-00217,PROD-0188,STORE-001,2025-03-09,3,65.96
ORD-000736,CUST-00667,PROD-0203,STORE-002,2025-12-31,7,438.88
ORD-000737,CUST-00548,PROD-0160,STORE-002,2025-05-11,1,332.67
ORD-000738,CUST-00021,PROD-0013,STORE-023,2025-12-01,2,211.29
ORD-000739,CUST-00127,PROD-0141,STORE-009,2025-07-14,8,352.41
ORD-000740,CUST-00712,PROD-0176,STORE-021,2025-04-16,1,154.04
ORD-000741,CUST-00104,PROD-0170,STORE-017,2025-12-05,5,313.27
ORD-000742,CUST-00141,PROD-0108,STORE-004,2025-12-25,2,144.93
ORD-000743,CUST-00510,PROD-0051,STORE-020,2025-02-24,4,390.08
ORD-000744,CUST-00207,PROD-0092,STORE-023,2025-09-25,7,151.19
ORD-000745,CUST-00562,PROD-0128,STORE-007,2025-01-21,8,168.64
ORD-000746,CUST-00014,PROD-0172,STORE-003,2025-01-02,2,418.43
ORD-000747,CUST-00506,PROD-0039,STORE-003,2025-12-09,2,363.15
ORD-000748,CUST-00263,PROD-0165,STORE-008,2025-02-21,8,494.38
ORD-000749,CUST-00271,PROD-0119,STORE-002,2025-06-01,2,407.51
ORD-000750,CUST-00298,PROD-0093,STORE-022,2025-01-21,6,215.86
ORD-000751,CUST-00098,PROD-0218,STORE-025,2025-03-01,1,9.78
ORD-000752,CUST-00680,PROD-0166,STORE-006,2025-03-12,6,181.97
ORD-000753,CUST-00637,PROD-0069,STORE-024,2025-08-13,2,189.44
ORD-000754,CUST-00188,PROD-0030,STORE-013,2025-06-25,7,481.33
ORD-000755,CUST-00395,PROD-0177,STORE-016,2025-05-20,7,326.17
ORD-000756,CUST-00116,PROD-0034,STORE-023,2025-03-27,1,490.87
ORD-000757,CUST-00107,PROD-0107,STORE-019,2025-03-23,8,402.11
ORD-000758,CUST-00449,PROD-0047,STORE-020,2025-12-14,7,390.68
ORD-000759,CUST-00030,PROD-0221,STORE-022,2025-11-10,3,244.11
ORD-000760,CUST-00116,PROD-0228,STORE-014,2025-09-07,8,27.75
ORD-000761,CUST-00671,PROD-0081,STORE-001,2025-05-14,4,489.05
ORD-000762,CUST-00347,PROD-0133,STORE-017,2025-12-09,2,219.25
ORD-000763,CUST-00494,PROD-0089,STORE-022,2025-05-08,7,78.57
ORD-000764,CUST-00628,PROD-0014,STORE-001,2025-10-13,3,255.25
ORD-000765,CUST-00508,PROD-0223,STORE-006,2025-08-29,2,376.95
ORD-000766,CUST-00247,PROD-0085,STORE-009,2025-06-14,1,255.92
ORD-000767,CUST-00659,PROD-0097,STORE-013,2025-10-09,4,44.01
ORD-000768,CUST-00587,PROD-0115,STORE-003,2025-08-16,8,226.29
ORD-000769,CUST-00510,PROD-0191,STORE-021,2025-03-02,1,55.8
ORD-000770,CUST-00037,PROD-0143,STORE-018,2025-07-31,1,413.81
ORD-000771,CUST-00634,PROD-0164,STORE-010,2025-11-06,4,329.02
ORD-000772,CUST-00350,PROD-0094,STORE-002,2025-08-22,4,422.93
ORD-000773,CUST-00574,PROD-0197,STORE-020,2025-06-19,8,359.74
ORD-000774,CUST-00734,PROD-0116,STORE-004,2025-07-06,2,380.85
ORD-000775,CUST-00003,PROD-0088,STORE-012,2025-04-24,5,276.1
ORD-000776,CUST-00719,PROD-0028,STORE-002,2025-07-11,3,248.74
ORD-000777,CUST-00110,PROD-0066,STORE-020,2025-07-29,4,97.82
ORD-000778,CUST-00221,PROD-0118,STORE-007,2025-07-21,6,58.33
ORD-000779,CUST-00048,PROD-0238,STORE-021,2025-08-01,2,387.2
ORD-000780,CUST-00469,PROD-0169,STORE-019,2025-08-19,3,482.1
ORD-000781,CUST-00544,PROD-0189,STORE-002,2025-01-03,7,420.2
ORD-000782,CUST-00521,PROD-0200,STORE-006,2025-09-05,3,366.58
ORD-000783,CUST-00107,PROD-0100,STORE-022,2025-03-07,6,254.52
ORD-000784,CUST-00429,PROD-0156,STORE-023,2025-07-16,4,140.42
ORD-000785,CUST-00302,PROD-0116,STORE-005,2025-06-25,3,209.3
ORD-000786,CUST-00525,PROD-0077,STORE-023,2025-12-25,6,357.37
ORD-000787,CUST-00648,PROD-0056,STORE-007,2025-10-11,4,313.95
ORD-000788,CUST-00704,PROD-0089,STORE-022,2025-05-29,3,490.75
ORD-000789,CUST-00183,PROD-0129,STORE-018,2025-11-29,6,356.61
ORD-000790,CUST-00576,PROD-0123,STORE-019,2025-06-30,7,338.74
ORD-000791,CUST-00293,PROD-0225,STORE-014,2025-10-01,1,263.74
ORD-000792,CUST-00391,PROD-0038,STORE-002,2025-01-13,1,103.94
ORD-000793,CUST-00294,PROD-0175,STORE-009,2025-03-24,3,420.48
ORD-000794,CUST-00303,PROD-0053,STORE-025,2025-12-20,1,182.54
ORD-000795,CUST-00105,PROD-0158,STORE-022,2025-08-20,4,372.48
ORD-000796,CUST-00399,PROD-0061,STORE-017,2025-10-15,5,347.99
ORD-000797,CUST-00391,PROD-0100,STORE-014,2025-01-25,6,483.08
ORD-000798,CUST-00014,PROD-0191,STORE-009,2025-01-28,4,312.17
ORD-000799,CUST-00231,PROD-0234,STORE-021,2025-08-15,6,378.77
ORD-000800,CUST-00618,PROD-0051,STORE-025,2025-10-07,4,150.61
ORD-000801,CUST-00700,PROD-0020,STORE-006,2025-04-01,3,368.85
ORD-000802,CUST-00387,PROD-0011,STORE-014,2025-03-03,5,280.51
ORD-000803,CUST-00165,PROD-0150,STORE-009,2025-03-08,1,168.62
ORD-000804,CUST-00159,PROD-0011,STORE-005,2025-12-30,6,300.45
ORD-000805,CUST-00631,PROD-0216,STORE-022,2025-11-17,5,247.81
ORD-000806,CUST-00564,PROD-0092,STORE-003,2025-10-21,6,265.06
ORD-000807,CUST-00534,PROD-0018,STORE-017,2025-04-05,3,210.88
ORD-000808,CUST-00414,PROD-0024,STORE-012,2025-10-02,4,442.27
ORD-000809,CUST-00340,PROD-0085,STORE-012,2025-12-06,5,113.12
ORD-000810,CUST-00544,PROD-0122,STORE-018,2025-11-13,1,61.78
ORD-000811,CUST-00457,PROD-0062,STORE-021,2025-06-27,4,479.64
ORD-000812,CUST-00329,PROD-0098,STORE-004,2025-12-16,7,132.0
ORD-000813,CUST-00026,PROD-0234,STORE-017,2025-05-25,6,259.57
ORD-000814,CUST-00457,PROD-0125,STORE-002,2025-09-18,5,449.64
ORD-000815,CUST-00329,PROD-0132,STORE-003,2025-04-09,2,87.85
ORD-000816,CUST-00547,PROD-0002,STORE-021,2025-10-03,2,109.33
ORD-000817,CUST-00219,PROD-0222,STORE-022,2025-11-19,7,418.64
ORD-000818,CUST-00551,PROD-0213,STORE-023,2025-04-16,7,325.04
ORD-000819,CUST-00703,PROD-0040,STORE-001,2025-02-06,8,359.84
ORD-000820,CUST-00090,PROD-0019,STORE-002,2025-01-20,3,398.13
ORD-000821,CUST-00073,PROD-0148,STORE-008,2025-10-13,5,206.77
ORD-000822,CUST-00646,PROD-0104,STORE-014,2025-08-19,6,13.35
ORD-000823,CUST-00122,PROD-0137,STORE-001,2025-12-11,2,379.19
ORD-000824,CUST-00047,PROD-0180,STORE-003,2025-10-27,6,464.37
ORD-000825,CUST-00297,PROD-0202,STORE-022,2025-02-24,5,305.24
ORD-000826,CUST-00449,PROD-0098,STORE-013,2025-05-25,1,239.61
ORD-000827,CUST-00226,PROD-0035,STORE-024,2025-10-01,7,399.39
ORD-000828,CUST-00303,PROD-0246,STORE-021,2025-10-07,3,152.53
ORD-000829,CUST-00383,PROD-0246,STORE-001,2025-11-28,3,65.99
ORD-000830,CUST-00587,PROD-0153,STORE-013,2025-01-03,2,155.81
ORD-000831,CUST-00217,PROD-0106,STORE-021,2025-06-26,3,84.66
ORD-000832,CUST-00632,PROD-0214,STORE-009,2025-04-24,4,61.73
ORD-000833,CUST-00581,PROD-0219,STORE-002,2025-12-10,8,324.1
ORD-000834,CUST-00298,PROD-0172,STORE-003,2025-02-07,5,53.6
ORD-000835,CUST-00499,PROD-0244,STORE-011,2025-10-25,6,68.46
ORD-000836,CUST-00241,PROD-0026,STORE-010,2025-12-02,2,450.55
ORD-000837,CUST-00498,PROD-0116,STORE-011,2025-06-12,5,348.25
ORD-000838,CUST-00580,PROD-0146,STORE-012,2025-03-20,6,479.53
ORD-000839,CUST-00005,PROD-0081,STORE-008,2025-03-28,4,357.53
ORD-000840,CUST-00447,PROD-0071,STORE-012,2025-11-25,3,341.38
ORD-000841,CUST-00492,PROD-0119,STORE-015,2025-06-19,6,388.5
ORD-000842,CUST-00565,PROD-0028,STORE-006,2025-09-07,2,421.68
ORD-000843,CUST-00552,PROD-0051,STORE-009,2025-03-13,2,365.07
ORD-000844,CUST-00520,PROD-0162,STORE-001,2025-01-10,7,385.74
ORD-000845,CUST-00038,PROD-0142,STORE-009,2025-04-19,8,328.67
ORD-000846,CUST-00375,PROD-0101,STORE-008,2025-03-18,5,71.26
ORD-000847,CUST-00523,PROD-0024,STORE-013,2025-09-14,6,253.56
ORD-000848,CUST-00245,PROD-0218,STORE-020,2025-12-06,3,379.81
ORD-000849,CUST-00457,PROD-0041,STORE-006,2025-03-13,3,369.27
ORD-000850,CUST-00368,PROD-0011,STORE-008,2025-09-05,8,119.71
ORD-000851,CUST-00379,PROD-0060,STORE-002,2025-05-16,4,261.34
ORD-000852,CUST-00398,PROD-0121,STORE-015,2025-07-04,1,24.74
ORD-000853,CUST-00332,PROD-0027,STORE-023,2025-11-29,5,418.25
ORD-000854,CUST-00593,PROD-0140,STORE-019,2025-05-15,3,191.44
ORD-000855,CUST-00375,PROD-0151,STORE-021,2025-07-13,2,260.74
ORD-000856,CUST-00229,PROD-0133,STORE-013,2025-07-12,6,409.52
ORD-000857,CUST-00499,PROD-0203,STORE-016,2025-06-26,1,253.4
ORD-000858,CUST-00451,PROD-0043,STORE-008,2025-03-13,2,259.69
ORD-000859,CUST-00217,PROD-0039,STORE-006,2025-05-24,3,184.29
ORD-000860,CUST-00677,PROD-0059,STORE-014,2025-03-02,6,361.52
ORD-000861,CUST-00692,PROD-0123,STORE-016,2025-09-04,4,297.43
ORD-000862,CUST-00421,PROD-0006,STORE-008,2025-11-28,1,68.29
ORD-000863,CUST-00165,PROD-0035,STORE-021,2025-10-31,1,445.93
ORD-000864,CUST-00058,PROD-0043,STORE-009,2025-03-17,3,260.73
ORD-000865,CUST-00614,PROD-0249,STORE-019,2025-07-27,1,439.85
ORD-000866,CUST-00291,PROD-0243,STORE-003,2025-12-05,4,227.35
ORD-000867,CUST-00494,PROD-0044,STORE-008,2025-08-30,7,302.41
ORD-000868,CUST-00187,PROD-0160,STORE-022,2025-10-26,5,88.01
ORD-000869,CUST-00351,PROD-0237,STORE-015,2025-12-18,2,118.75
ORD-000870,CUST-00136,PROD-0028,STORE-001,2025-07-17,4,263.73
ORD-000871,CUST-00701,PROD-0108,STORE-005,2025-09-16,2,92.81
ORD-000872,CUST-00615,PROD-0010,STORE-018,2025-11-11,2,51.12
ORD-000873,CUST-00134,PROD-0231,STORE-020,2025-12-04,1,448.99
ORD-000874,CUST-00665,PROD-0111,STORE-017,2025-12-14,7,188.33
ORD-000875,CUST-00715,PROD-0136,STORE-014,2025-01-23,4,469.51
ORD-000876,CUST-00391,PROD-0090,STORE-019,2025-09-04,2,215.61
ORD-000877,CUST-00489,PROD-0197,STORE-008,2025-05-11,2,145.21
ORD-000878,CUST-00419,PROD-0066,STORE-007,2025-10-06,1,356.02
ORD-000879,CUST-00592,PROD-0134,STORE-004,2025-01-04,1,190.63
ORD-000880,CUST-00705,PROD-0206,STORE-011,2025-04-16,7,184.31
ORD-000881,CUST-00437,PROD-0167,STORE-019,2025-03-21,5,134.33
ORD-000882,CUST-00434,PROD-0145,STORE-012,2025-10-02,5,495.93
ORD-000883,CUST-00209,PROD-0106,STORE-018,2025-07-23,8,93.46
ORD-000884,CUST-00569,PROD-0124,STORE-009,2025-10-14,5,290.93
ORD-000885,CUST-00408,PROD-0189,STORE-005,2025-12-28,2,375.16
ORD-000886,CUST-00717,PROD-0244,STORE-006,2025-08-17,2,111.15
ORD-000887,CUST-00347,PROD-0206,STORE-018,2025-07-25,1,84.56
ORD-000888,CUST-00006,PROD-0206,STORE-003,2025-11-22,3,238.47
ORD-000889,CUST-00446,PROD-0023,STORE-003,2025-11-04,5,114.77
ORD-000890,CUST-00624,PROD-0010,STORE-024,2025-02-10,7,465.68
ORD-000891,CUST-00629,PROD-0168,STORE-017,2025-07-25,5,357.23
ORD-000892,CUST-00059,PROD-0243,STORE-025,2025-11-02,3,321.93
ORD-000893,CUST-00011,PROD-0052,STORE-022,2025-08-13,5,101.39
ORD-000894,CUST-00523,PROD-0133,STORE-023,2025-11-03,4,309.51
ORD-000895,CUST-00037,PROD-0093,STORE-008,2025-12-12,1,487.93
ORD-000896,CUST-00283,PROD-0200,STORE-013,2025-02-14,6,336.47
ORD-000897,CUST-00601,PROD-0052,STORE-017,2025-07-27,1,369.77
ORD-000898,CUST-00093,PROD-0141,STORE-010,2025-02-05,6,176.99
ORD-000899,CUST-00232,PROD-0156,STORE-007,2025-05-22,8,465.2
ORD-000900,CUST-00005,PROD-0067,STORE-006,2025-10-22,7,255.58
ORD-000901,CUST-00075,PROD-0129,STORE-010,2025-10-14,6,473.76
ORD-000902,CUST-00264,PROD-0225,STORE-018,2025-09-20,5,348.61
ORD-000903,CUST-00577,PROD-0124,STORE-025,2025-07-13,4,379.94
ORD-000904,CUST-00698,PROD-0118,STORE-019,2025-08-23,1,243.57
ORD-000905,CUST-00070,PROD-0098,STORE-021,2025-05-13,4,340.06
ORD-000906,CUST-00324,PROD-0106,STORE-012,2025-04-28,1,351.9
ORD-000907,CUST-00255,PROD-0074,STORE-003,2025-05-15,7,338.47
ORD-000908,CUST-00078,PROD-0142,STORE-006,2025-06-25,8,160.36
ORD-000909,CUST-00588,PROD-0069,STORE-006,2025-04-22,4,251.99
ORD-000910,CUST-00241,PROD-0189,STORE-008,2025-04-13,5,107.35
ORD-000911,CUST-00256,PROD-0215,STORE-020,2025-04-14,6,82.21
ORD-000912,CUST-00123,PROD-0236,STORE-003,2025-02-24,8,308.83
ORD-000913,CUST-00044,PROD-0218,STORE-016,2025-10-05,6,312.22
ORD-000914,CUST-00589,PROD-0223,STORE-009,2025-09-10,8,95.51
ORD-000915,CUST-00287,PROD-0102,STORE-008,2025-09-19,3,31.79
ORD-000916,CUST-00490,PROD-0241,STORE-018,2025-08-05,1,253.72
ORD-000917,CUST-00703,PROD-0199,STORE-006,2025-07-21,8,488.36
ORD-000918,CUST-00531,PROD-0118,STORE-011,2025-12-24,1,10.84
ORD-000919,CUST-00389,PROD-0149,STORE-004,2025-04-18,6,183.98
ORD-000920,CUST-00192,PROD-0141,STORE-009,2025-05-13,4,138.35
ORD-000921,CUST-00352,PROD-0094,STORE-006,2025-11-10,8,214.84
ORD-000922,CUST-00718,PROD-0193,STORE-012,2025-08-03,6,427.88
ORD-000923,CUST-00462,PROD-0047,STORE-019,2025-05-24,3,489.73
ORD-000924,CUST-00235,PROD-0209,STORE-004,2025-12-18,5,403.01
ORD-000925,CUST-00443,PROD-0220,STORE-013,2025-10-12,4,77.18
ORD-000926,CUST-00485,PROD-0207,STORE-001,2025-03-18,3,213.64
ORD-000927,CUST-00646,PROD-0133,STORE-018,2025-03-10,6,393.73
ORD-000928,CUST-00257,PROD-0144,STORE-019,2025-06-03,1,202.2
ORD-000929,CUST-00168,PROD-0016,STORE-007,2025-12-20,5,240.88
ORD-000930,CUST-00099,PROD-0116,STORE-024,2025-11-19,6,133.58
ORD-000931,CUST-00574,PROD-0143,STORE-009,2025-07-04,6,14.81
ORD-000932,CUST-00360,PROD-0223,STORE-022,2025-03-04,4,290.53
ORD-000933,CUST-00665,PROD-0138,STORE-006,2025-11-29,5,180.77
ORD-000934,CUST-00523,PROD-0125,STORE-025,2025-12-11,8,445.36
ORD-000935,CUST-00629,PROD-0074,STORE-015,2025-07-15,3,434.78
ORD-000936,CUST-00346,PROD-0108,STORE-021,2025-11-24,7,425.2
ORD-000937,CUST-00082,PROD-0042,STORE-011,2025-02-06,4,160.16
ORD-000938,CUST-00299,PROD-0182,STORE-009,2025-12-01,7,139.26
ORD-000939,CUST-00372,PROD-0192,STORE-019,2025-08-16,8,209.91
ORD-000940,CUST-00024,PROD-0033,STORE-024,2025-04-05,4,332.69
ORD-000941,CUST-00082,PROD-0054,STORE-006,2025-12-25,7,55.98
ORD-000942,CUST-00485,PROD-0141,STORE-002,2025-02-02,1,386.6
ORD-000943,CUST-00086,PROD-0027,STORE-009,2025-09-26,3,46.72
ORD-000944,CUST-00317,PROD-0059,STORE-008,2025-07-19,5,224.35
ORD-000945,CUST-00135,PROD-0135,STORE-006,2025-03-06,1,22.39
ORD-000946,CUST-00334,PROD-0222,STORE-016,2025-07-02,8,487.61
ORD-000947,CUST-00279,PROD-0141,STORE-015,2025-10-04,3,484.91
ORD-000948,CUST-00553,PROD-0046,STORE-019,2025-12-24,8,317.36
ORD-000949,CUST-00578,PROD-0112,STORE-017,2025-11-22,5,454.91
ORD-000950,CUST-00553,PROD-0059,STORE-003,2025-09-04,8,157.38
ORD-000951,CUST-00267,PROD-0040,STORE-010,2025-07-31,1,5.04
ORD-000952,CUST-00353,PROD-0074,STORE-016,2025-03-11,1,345.44
ORD-000953,CUST-00489,PROD-0077,STORE-001,2025-09-09,7,399.98
ORD-000954,CUST-00237,PROD-0204,STORE-001,2025-11-02,6,98.33
ORD-000955,CUST-00448,PROD-0102,STORE-008,2025-10-15,3,358.88
ORD-000956,CUST-00400,PROD-0213,STORE-013,2025-11-27,4,135.17
ORD-000957,CUST-00641,PROD-0062,STORE-017,2025-08-05,5,145.91
ORD-000958,CUST-00276,PROD-0106,STORE-007,2025-09-30,2,95.28
ORD-000959,CUST-00114,PROD-0164,STORE-015,2025-05-29,8,139.7
ORD-000960,CUST-00504,PROD-0049,STORE-011,2025-11-15,1,80.3
ORD-000961,CUST-00023,PROD-0048,STORE-004,2025-10-01,5,138.24
ORD-000962,CUST-00745,PROD-0003,STORE-008,2025-08-13,2,79.58
ORD-000963,CUST-00223,PROD-0088,STORE-014,2025-09-10,5,393.92
ORD-000964,CUST-00381,PROD-0119,STORE-023,2025-09-13,1,168.46
ORD-000965,CUST-00058,PROD-0069,STORE-025,2025-03-16,7,40.33
ORD-000966,CUST-00186,PROD-0050,STORE-009,2025-08-29,7,414.97
ORD-000967,CUST-00732,PROD-0064,STORE-013,2025-03-04,8,127.34
ORD-000968,CUST-00204,PROD-0118,STORE-024,2025-01-18,2,262.95
ORD-000969,CUST-00485,PROD-0100,STORE-022,2025-04-17,5,468.42
ORD-000970,CUST-00645,PROD-0187,STORE-002,2025-03-23,2,130.38
ORD-000971,CUST-00306,PROD-0051,STORE-012,2025-11-23,1,432.5
ORD-000972,CUST-00116,PROD-0061,STORE-021,2025-04-22,7,165.62
ORD-000973,CUST-00283,PROD-0150,STORE-004,2025-03-27,7,395.62
ORD-000974,CUST-00044,PROD-0149,STORE-023,2025-01-05,8,345.75
ORD-000975,CUST-00381,PROD-0198,STORE-003,2025-03-21,4,83.05
ORD-000976,CUST-00703,PROD-0159,STORE-011,2025-02-16,1,34.58
ORD-000977,CUST-00158,PROD-0180,STORE-018,2025-11-27,2,67.27
ORD-000978,CUST-00325,PROD-0143,STORE-021,2025-04-30,6,403.73
ORD-000979,CUST-00198,PROD-0006,STORE-023,2025-08-13,7,182.28
ORD-000980,CUST-00257,PROD-0231,STORE-002,2025-03-10,8,354.77
ORD-000981,CUST-00302,PROD-0139,STORE-023,2025-10-14,8,98.93
ORD-000982,CUST-00557,PROD-0090,STORE-011,2025-04-06,8,141.28
ORD-000983,CUST-00568,PROD-0042,STORE-003,2025-11-03,3,227.44
ORD-000984,CUST-00555,PROD-0094,STORE-015,2025-05-15,1,389.07
ORD-000985,CUST-00389,PROD-0188,STORE-006,2025-09-17,1,311.76
ORD-000986,CUST-00636,PROD-0062,STORE-011,2025-07-06,2,330.84
ORD-000987,CUST-00397,PROD-0049,STORE-017,2025-10-03,8,384.03
ORD-000988,CUST-00628,PROD-0073,STORE-011,2025-03-20,7,322.24
ORD-000989,CUST-00099,PROD-0134,STORE-022,2025-02-26,2,26.66
ORD-000990,CUST-00183,PROD-0224,STORE-002,2025-03-08,4,57.98
ORD-000991,CUST-00102,PROD-0009,STORE-019,2025-04-09,7,330.66
ORD-000992,CUST-00639,PROD-0180,STORE-019,2025-09-27,5,29.29
ORD-000993,CUST-00621,PROD-0184,STORE-003,2025-04-24,1,465.44
ORD-000994,CUST-00672,PROD-0126,STORE-003,2025-04-17,8,401.49
ORD-000995,CUST-00370,PROD-0143,STORE-024,2025-02-01,7,411.89
ORD-000996,CUST-00060,PROD-0211,STORE-020,2025-12-29,5,266.86
ORD-000997,CUST-00312,PROD-0020,STORE-007,2025-02-06,2,55.1
ORD-000998,CUST-00545,PROD-0099,STORE-007,2025-04-29,4,265.46
ORD-000999,CUST-00584,PROD-0161,STORE-006,2025-05-08,7,374.31
ORD-001000,CUST-00591,PROD-0092,STORE-022,2025-11-23,8,352.75
ORD-001001,CUST-00107,PROD-0043,STORE-006,2025-08-07,7,254.81
ORD-001002,CUST-00162,PROD-0137,STORE-020,2025-12-03,8,467.08
ORD-001003,CUST-00564,PROD-0084,STORE-012,2025-06-11,7,383.26
ORD-001004,CUST-00744,PROD-0083,STORE-020,2025-08-09,4,283.75
ORD-001005,CUST-00385,PROD-0197,STORE-018,2025-04-20,5,183.19
ORD-001006,CUST-00459,PROD-0246,STORE-013,2025-08-20,1,364.52
ORD-001007,CUST-00611,PROD-0005,STORE-017,2025-05-26,3,496.73
ORD-001008,CUST-00007,PROD-0077,STORE-008,2025-06-04,4,428.57
ORD-001009,CUST-00707,PROD-0211,STORE-009,2025-01-12,3,51.66
ORD-001010,CUST-00365,PROD-0040,STORE-005,2025-08-24,5,186.7
ORD-001011,CUST-00256,PROD-0060,STORE-009,2025-10-26,5,50.48
ORD-001012,CUST-00583,PROD-0235,STORE-007,2025-07-24,2,363.16
ORD-001013,CUST-00178,PROD-0125,STORE-023,2025-09-05,2,299.63
ORD-001014,CUST-00039,PROD-0188,STORE-019,2025-06-03,7,43.84
ORD-001015,CUST-00343,PROD-0090,STORE-014,2025-01-29,7,465.46
ORD-001016,CUST-00233,PROD-0192,STORE-021,2025-03-03,1,318.76
ORD-001017,CUST-00392,PROD-0014,STORE-010,2025-11-20,1,163.05
ORD-001018,CUST-00154,PROD-0084,STORE-017,2025-10-17,4,80.82
ORD-001019,CUST-00750,PROD-0101,STORE-015,2025-12-11,2,114.92
ORD-001020,CUST-00404,PROD-0038,STORE-005,2025-05-29,6,45.85
ORD-001021,CUST-00051,PROD-0141,STORE-013,2025-10-20,5,47.1
ORD-001022,CUST-00445,PROD-0199,STORE-023,2025-09-14,3,382.2
ORD-001023,CUST-00573,PROD-0051,STORE-016,2025-09-04,7,327.85
ORD-001024,CUST-00575,PROD-0158,STORE-024,2025-04-11,4,124.94
ORD-001025,CUST-00441,PROD-0083,STORE-022,2025-05-17,2,60.69
ORD-001026,CUST-00434,PROD-0094,STORE-012,2025-07-31,4,163.76
ORD-001027,CUST-00672,PROD-0007,STORE-025,2025-11-01,5,88.77
ORD-001028,CUST-00632,PROD-0211,STORE-015,2025-06-29,3,223.02
ORD-001029,CUST-00205,PROD-0176,STORE-012,2025-04-30,3,380.07
ORD-001030,CUST-00116,PROD-0190,STORE-002,2025-02-13,4,474.72
ORD-001031,CUST-00295,PROD-0004,STORE-011,2025-03-17,2,156.02
ORD-001032,CUST-00024,PROD-0085,STORE-007,2025-08-30,4,105.87
ORD-001033,CUST-00265,PROD-0141,STORE-016,2025-09-25,3,349.05
ORD-001034,CUST-00019,PROD-0097,STORE-019,2025-12-09,1,131.44
ORD-001035,CUST-00291,PROD-0052,STORE-023,2025-01-31,5,31.27
ORD-001036,CUST-00009,PROD-0018,STORE-013,2025-12-02,5,333.17
ORD-001037,CUST-00369,PROD-0222,STORE-004,2025-12-04,1,149.78
ORD-001038,CUST-00396,PROD-0060,STORE-013,2025-11-29,2,452.41
ORD-001039,CUST-00612,PROD-0137,STORE-003,2025-09-06,3,103.43
ORD-001040,CUST-00575,PROD-0238,STORE-023,2025-08-23,1,24.67
ORD-001041,CUST-00313,PROD-0086,STORE-016,2025-09-29,7,373.46
ORD-001042,CUST-00356,PROD-0176,STORE-012,2025-01-10,6,314.48
ORD-001043,CUST-00514,PROD-0071,STORE-002,2025-05-01,5,439.94
ORD-001044,CUST-00569,PROD-0243,STORE-009,2025-01-16,4,80.09
ORD-001045,CUST-00673,PROD-0036,STORE-003,2025-07-21,7,262.75
ORD-001046,CUST-00628,PROD-0224,STORE-021,2025-12-14,4,211.57
ORD-001047,CUST-00157,PROD-0110,STORE-010,2025-10-21,6,227.33
ORD-001048,CUST-00212,PROD-0168,STORE-005,2025-03-09,4,431.97
ORD-001049,CUST-00706,PROD-0181,STORE-017,2025-06-08,3,217.87
ORD-001050,CUST-00672,PROD-0239,STORE-019,2025-03-16,3,162.15
ORD-001051,CUST-00546,PROD-0243,STORE-024,2025-10-13,2,96.14
ORD-001052,CUST-00745,PROD-0008,STORE-025,2025-03-16,6,440.66
ORD-001053,CUST-00422,PROD-0078,STORE-015,2025-07-31,5,80.21
ORD-001054,CUST-00110,PROD-0034,STORE-006,2025-04-07,1,382.4
ORD-001055,CUST-00632,PROD-0069,STORE-020,2025-11-10,4,300.19
ORD-001056,CUST-00704,PROD-0007,STORE-012,2025-04-29,2,345.62
ORD-001057,CUST-00138,PROD-0129,STORE-020,2025-09-02,8,357.44
ORD-001058,CUST-00189,PROD-0219,STORE-013,2025-07-11,8,239.54
ORD-001059,CUST-00198,PROD-0058,STORE-002,2025-03-25,7,383.44
ORD-001060,CUST-00277,PROD-0244,STORE-014,2025-01-08,4,372.46
ORD-001061,CUST-00210,PROD-0017,STORE-006,2025-04-14,8,434.22
ORD-001062,CUST-00705,PROD-0084,STORE-015,2025-09-08,4,216.63
ORD-001063,CUST-00623,PROD-0189,STORE-013,2025-01-22,6,200.09
ORD-001064,CUST-00609,PROD-0138,STORE-017,2025-10-20,1,262.71
ORD-001065,CUST-00468,PROD-0212,STORE-002,2025-08-20,4,261.75
ORD-001066,CUST-00041,PROD-0143,STORE-013,2025-07-22,1,98.97
ORD-001067,CUST-00408,PROD-0227,STORE-010,2025-08-14,5,233.36
ORD-001068,CUST-00302,PROD-0157,STORE-002,2025-08-05,3,234.46
ORD-001069,CUST-00463,PROD-0024,STORE-024,2025-11-27,2,93.98
ORD-001070,CUST-00713,PROD-0140,STORE-005,2025-10-27,7,209.7
ORD-001071,CUST-00026,PROD-0046,STORE-015,2025-08-19,4,441.85
ORD-001072,CUST-00257,PROD-0083,STORE-023,2025-02-16,3,360.59
ORD-001073,CUST-00094,PROD-0030,STORE-023,2025-03-05,8,318.86
ORD-001074,CUST-00537,PROD-0182,STORE-013,2025-02-13,3,192.44
ORD-001075,CUST-00045,PROD-0197,STORE-006,2025-07-14,6,284.91
ORD-001076,CUST-00154,PROD-0042,STORE-005,2025-12-04,3,385.72
ORD-001077,CUST-00430,PROD-0079,STORE-010,2025-01-27,8,147.94
ORD-001078,CUST-00121,PROD-0231,STORE-005,2025-04-03,4,6.74
ORD-001079,CUST-00013,PROD-0118,STORE-016,2025-05-10,8,274.02
ORD-001080,CUST-00623,PROD-0226,STORE-016,2025-01-03,4,112.34
ORD-001081,CUST-00488,PROD-0117,STORE-014,2025-12-04,8,44.3
ORD-001082,CUST-00007,PROD-0063,STORE-018,2025-11-04,5,311.77
ORD-001083,CUST-00213,PROD-0013,STORE-006,2025-10-13,3,32.25
ORD-001084,CUST-00038,PROD-0038,STORE-002,2025-06-28,5,168.89
ORD-001085,CUST-00051,PROD-0028,STORE-014,2025-02-14,3,84.85
ORD-001086,CUST-00626,PROD-0170,STORE-023,2025-05-26,3,483.31
ORD-001087,CUST-00369,PROD-0239,STORE-002,2025-10-24,2,385.4
ORD-001088,CUST-00378,PROD-0230,STORE-013,2025-06-15,2,380.42
ORD-001089,CUST-00067,PROD-0075,STORE-016,2025-10-09,3,65.39
ORD-001090,CUST-00338,PROD-0135,STORE-014,2025-05-21,4,349.43
ORD-001091,CUST-00060,PROD-0028,STORE-019,2025-11-10,2,244.4
ORD-001092,CUST-00620,PROD-0240,STORE-023,2025-12-19,5,216.38
ORD-001093,CUST-00266,PROD-0135,STORE-019,2025-06-12,6,463.91
ORD-001094,CUST-00577,PROD-0128,STORE-017,2025-11-11,8,248.78
ORD-001095,CUST-00625,PROD-0060,STORE-023,2025-04-03,5,489.72
ORD-001096,CUST-00122,PROD-0007,STORE-015,2025-01-01,2,370.04
ORD-001097,CUST-00631,PROD-0107,STORE-014,2025-04-17,1,170.22
ORD-001098,CUST-00653,PROD-0055,STORE-001,2025-10-14,4,346.55
ORD-001099,CUST-00070,PROD-0079,STORE-010,2025-05-11,6,384.67
ORD-001100,CUST-00703,PROD-0086,STORE-011,2025-02-28,7,363.57
ORD-001101,CUST-00030,PROD-0214,STORE-006,2025-11-12,4,168.59
ORD-001102,CUST-00689,PROD-0123,STORE-016,2025-06-23,1,324.59
ORD-001103,CUST-00160,PROD-0161,STORE-015,2025-09-04,6,233.91
ORD-001104,CUST-00058,PROD-0214,STORE-017,2025-07-31,5,284.64
ORD-001105,CUST-00324,PROD-0143,STORE-018,2025-12-14,1,108.08
ORD-001106,CUST-00340,PROD-0205,STORE-012,2025-12-17,2,484.95
ORD-001107,CUST-00032,PROD-0087,STORE-013,2025-05-24,3,287.63
ORD-001108,CUST-00192,PROD-0153,STORE-004,2025-07-19,5,354.1
ORD-001109,CUST-00727,PROD-0009,STORE-009,2025-06-11,7,47.95
ORD-001110,CUST-00381,PROD-0116,STORE-010,2025-05-02,4,264.91
ORD-001111,CUST-00115,PROD-0096,STORE-002,2025-03-31,4,457.1
ORD-001112,CUST-00519,PROD-0007,STORE-016,2025-08-16,3,99.14
ORD-001113,CUST-00537,PROD-0080,STORE-025,2025-09-05,6,75.92
ORD-001114,CUST-00529,PROD-0174,STORE-005,2025-02-20,4,363.65
ORD-001115,CUST-00397,PROD-0183,STORE-017,2025-08-24,2,7.02
ORD-001116,CUST-00704,PROD-0218,STORE-020,2025-01-23,2,169.97
ORD-001117,CUST-00106,PROD-0134,STORE-025,2025-01-24,5,16.12
ORD-001118,CUST-00655,PROD-0229,STORE-007,2025-06-09,6,104.26
ORD-001119,CUST-00284,PROD-0137,STORE-011,2025-05-27,8,337.2
ORD-001120,CUST-00153,PROD-0041,STORE-009,2025-05-20,2,12.54
ORD-001121,CUST-00574,PROD-0132,STORE-004,2025-11-15,4,273.54
ORD-001122,CUST-00327,PROD-0070,STORE-005,2025-10-09,5,289.16
ORD-001123,CUST-00073,PROD-0080,STORE-020,2025-03-29,6,272.58
ORD-001124,CUST-00134,PROD-0008,STORE-016,2025-01-26,1,57.42
ORD-001125,CUST-00089,PROD-0110,STORE-013,2025-01-28,3,353.81
ORD-001126,CUST-00645,PROD-0215,STORE-023,2025-10-31,8,310.07
ORD-001127,CUST-00341,PROD-0210,STORE-007,2025-06-09,2,486.96
ORD-001128,CUST-00582,PROD-0034,STORE-003,2025-08-27,8,53.14
ORD-001129,CUST-00701,PROD-0165,STORE-023,2025-06-08,8,237.91
ORD-001130,CUST-00148,PROD-0221,STORE-020,2025-04-25,5,456.86
ORD-001131,CUST-00188,PROD-0180,STORE-022,2025-07-20,6,395.44
ORD-001132,CUST-00465,PROD-0125,STORE-001,2025-06-16,2,240.28
ORD-001133,CUST-00491,PROD-0119,STORE-006,2025-06-29,5,385.12
ORD-001134,CUST-00589,PROD-0033,STORE-017,2025-11-06,2,205.8
ORD-001135,CUST-00334,PROD-0143,STORE-021,2025-02-24,2,397.24
ORD-001136,CUST-00473,PROD-0103,STORE-019,2025-09-30,7,123.08
ORD-001137,CUST-00562,PROD-0041,STORE-016,2025-05-05,7,37.69
ORD-001138,CUST-00711,PROD-0152,STORE-014,2025-04-17,7,285.76
ORD-001139,CUST-00558,PROD-0178,STORE-008,2025-06-25,3,332.98
ORD-001140,CUST-00729,PROD-0147,STORE-016,2025-02-09,2,298.11
ORD-001141,CUST-00334,PROD-0143,STORE-004,2025-08-26,8,92.2
ORD-001142,CUST-00072,PROD-0154,STORE-004,2025-07-27,7,167.06
ORD-001143,CUST-00677,PROD-0016,STORE-003,2025-11-27,4,409.42
ORD-001144,CUST-00652,PROD-0208,STORE-001,2025-10-25,3,332.13
ORD-001145,CUST-00545,PROD-0075,STORE-013,2025-08-20,8,101.84
ORD-001146,CUST-00325,PROD-0077,STORE-019,2025-12-15,5,459.65
ORD-001147,CUST-00736,PROD-0235,STORE-012,2025-08-11,2,293.44
ORD-001148,CUST-00523,PROD-0104,STORE-005,2025-11-10,5,35.88
ORD-001149,CUST-00055,PROD-0001,STORE-023,2025-10-09,6,59.29
ORD-001150,CUST-00032,PROD-0061,STORE-014,2025-05-25,7,314.47
ORD-001151,CUST-00392,PROD-0104,STORE-013,2025-12-31,7,274.82
ORD-001152,CUST-00178,PROD-0122,STORE-005,2025-12-06,4,279.92
ORD-001153,CUST-00428,PROD-0040,STORE-010,2025-07-04,3,71.46
ORD-001154,CUST-00664,PROD-0005,STORE-005,2025-02-06,8,330.66
ORD-001155,CUST-00087,PROD-0036,STORE-021,2025-03-11,7,430.77
ORD-001156,CUST-00619,PROD-0239,STORE-014,2025-12-23,3,229.92
ORD-001157,CUST-00566,PROD-0210,STORE-015,2025-08-06,7,180.87
ORD-001158,CUST-00435,PROD-0155,STORE-001,2025-04-06,8,424.16
ORD-001159,CUST-00730,PROD-0129,STORE-009,2025-05-02,7,463.64
ORD-001160,CUST-00376,PROD-0009,STORE-002,2025-10-23,8,353.91
ORD-001161,CUST-00595,PROD-0124,STORE-023,2025-02-27,2,75.32
ORD-001162,CUST-00287,PROD-0120,STORE-017,2025-09-27,2,264.05
ORD-001163,CUST-00091,PROD-0063,STORE-016,2025-11-09,2,343.61
ORD-001164,CUST-00594,PROD-0080,STORE-020,2025-10-04,1,452.26
ORD-001165,CUST-00012,PROD-0121,STORE-015,2025-10-01,8,289.1
ORD-001166,CUST-00432,PROD-0091,STORE-010,2025-06-19,5,87.91
ORD-001167,CUST-00612,PROD-0192,STORE-010,2025-12-22,5,35.39
ORD-001168,CUST-00593,PROD-0044,STORE-019,2025-08-31,1,329.87
ORD-001169,CUST-00640,PROD-0007,STORE-010,2025-05-30,8,45.83
ORD-001170,CUST-00079,PROD-0218,STORE-009,2025-09-16,5,70.6
ORD-001171,CUST-00282,PROD-0220,STORE-009,2025-05-24,1,372.0
ORD-001172,CUST-00179,PROD-0233,STORE-019,2025-11-06,3,331.27
ORD-001173,CUST-00180,PROD-0067,STORE-023,2025-07-09,4,245.02
ORD-001174,CUST-00034,PROD-0088,STORE-003,2025-09-28,3,299.78
ORD-001175,CUST-00508,PROD-0193,STORE-014,2025-03-20,7,122.77
ORD-001176,CUST-00744,PROD-0164,STORE-006,2025-08-14,4,290.98
ORD-001177,CUST-00056,PROD-0165,STORE-009,2025-06-26,2,30.99
ORD-001178,CUST-00409,PROD-0122,STORE-010,2025-08-26,8,374.33
ORD-001179,CUST-00240,PROD-0098,STORE-022,2025-09-30,7,239.91
ORD-001180,CUST-00544,PROD-0223,STORE-014,2025-03-16,1,147.94
ORD-001181,CUST-00392,PROD-0174,STORE-011,2025-08-18,1,53.19
ORD-001182,CUST-00653,PROD-0091,STORE-014,2025-09-30,5,170.8
ORD-001183,CUST-00101,PROD-0066,STORE-021,2025-05-17,7,233.24
ORD-001184,CUST-00248,PROD-0188,STORE-022,2025-12-12,4,262.37
ORD-001185,CUST-00707,PROD-0047,STORE-011,2025-12-13,1,338.03
ORD-001186,CUST-00013,PROD-0106,STORE-004,2025-02-04,2,344.31
ORD-001187,CUST-00225,PROD-0186,STORE-010,2025-06-29,5,100.56
ORD-001188,CUST-00635,PROD-0024,STORE-002,2025-01-13,4,475.48
ORD-001189,CUST-00125,PROD-0182,STORE-004,2025-11-23,2,428.93
ORD-001190,CUST-00385,PROD-0169,STORE-025,2025-03-08,3,448.51
ORD-001191,CUST-00189,PROD-0065,STORE-010,2025-12-23,8,331.93
ORD-001192,CUST-00655,PROD-0117,STORE-009,2025-02-08,7,347.64
ORD-001193,CUST-00332,PROD-0066,STORE-006,2025-12-08,2,142.25
ORD-001194,CUST-00392,PROD-0100,STORE-011,2025-02-01,1,132.82
ORD-001195,CUST-00183,PROD-0113,STORE-003,2025-05-16,8,489.8
ORD-001196,CUST-00625,PROD-0101,STORE-006,2025-04-13,8,58.66
ORD-001197,CUST-00442,PROD-0056,STORE-020,2025-10-04,2,456.73
ORD-001198,CUST-00106,PROD-0009,STORE-003,2025-05-13,2,287.81
ORD-001199,CUST-00457,PROD-0005,STORE-016,2025-05-09,3,328.16
ORD-001200,CUST-00039,PROD-0171,STORE-013,2025-01-01,5,80.04
ORD-001201,CUST-00401,PROD-0148,STORE-001,2025-06-18,8,241.67
ORD-001202,CUST-00746,PROD-0200,STORE-003,2025-07-26,4,6.63
ORD-001203,CUST-00494,PROD-0032,STORE-019,2025-12-19,6,170.04
ORD-001204,CUST-00411,PROD-0015,STORE-021,2025-06-05,2,185.84
ORD-001205,CUST-00083,PROD-0216,STORE-015,2025-06-24,5,325.65
ORD-001206,CUST-00568,PROD-0011,STORE-013,2025-04-01,4,152.93
ORD-001207,CUST-00110,PROD-0162,STORE-023,2025-07-19,6,245.81
ORD-001208,CUST-00449,PROD-0189,STORE-007,2025-11-20,3,22.66
ORD-001209,CUST-00738,PROD-0152,STORE-008,2025-01-13,8,197.43
ORD-001210,CUST-00659,PROD-0079,STORE-016,2025-10-04,8,483.44
ORD-001211,CUST-00038,PROD-0087,STORE-002,2025-01-09,6,394.94
ORD-001212,CUST-00416,PROD-0031,STORE-007,2025-01-22,8,470.33
ORD-001213,CUST-00153,PROD-0190,STORE-019,2025-10-02,4,462.77
ORD-001214,CUST-00145,PROD-0126,STORE-021,2025-01-19,1,238.24
ORD-001215,CUST-00047,PROD-0063,STORE-023,2025-11-13,3,12.1
ORD-001216,CUST-00052,PROD-0232,STORE-010,2025-11-20,2,230.8
ORD-001217,CUST-00606,PROD-0017,STORE-004,2025-03-29,2,251.08
ORD-001218,CUST-00226,PROD-0017,STORE-007,2025-11-12,7,171.97
ORD-001219,CUST-00412,PROD-0084,STORE-004,2025-12-14,3,164.18
ORD-001220,CUST-00047,PROD-0152,STORE-006,2025-04-20,6,36.28
ORD-001221,CUST-00145,PROD-0194,STORE-014,2025-05-21,3,349.66
ORD-001222,CUST-00169,PROD-0113,STORE-008,2025-10-11,1,71.01
ORD-001223,CUST-00628,PROD-0097,STORE-025,2025-11-20,3,12.73
ORD-001224,CUST-00083,PROD-0002,STORE-001,2025-09-07,3,463.43
ORD-001225,CUST-00668,PROD-0152,STORE-010,2025-12-28,7,348.27
ORD-001226,CUST-00709,PROD-0033,STORE-007,2025-09-01,3,321.7
ORD-001227,CUST-00462,PROD-0106,STORE-008,2025-09-25,3,307.21
ORD-001228,CUST-00611,PROD-0047,STORE-023,2025-01-20,8,307.95
ORD-001229,CUST-00643,PROD-0212,STORE-010,2025-02-15,6,212.29
ORD-001230,CUST-00242,PROD-0050,STORE-004,2025-10-13,2,311.36
ORD-001231,CUST-00520,PROD-0057,STORE-015,2025-10-04,4,141.82
ORD-001232,CUST-00116,PROD-0204,STORE-005,2025-04-10,8,251.26
ORD-001233,CUST-00687,PROD-0237,STORE-002,2025-03-23,1,324.2
ORD-001234,CUST-00215,PROD-0112,STORE-009,2025-05-26,6,310.32
ORD-001235,CUST-00045,PROD-0027,STORE-024,2025-08-21,1,462.8
ORD-001236,CUST-00162,PROD-0202,STORE-001,2025-04-01,8,259.87
ORD-001237,CUST-00241,PROD-0185,STORE-015,2025-02-06,6,212.43
ORD-001238,CUST-00334,PROD-0059,STORE-025,2025-12-13,2,166.43
ORD-001239,CUST-00243,PROD-0189,STORE-014,2025-02-20,4,190.88
ORD-001240,CUST-00076,PROD-0121,STORE-019,2025-04-23,8,31.89
ORD-001241,CUST-00149,PROD-0056,STORE-020,2025-08-12,8,93.13
ORD-001242,CUST-00140,PROD-0118,STORE-024,2025-07-11,4,317.84
ORD-001243,CUST-00208,PROD-0086,STORE-005,2025-05-19,1,347.63
ORD-001244,CUST-00288,PROD-0035,STORE-004,2025-01-31,8,231.99
ORD-001245,CUST-00352,PROD-0057,STORE-010,2025-03-29,3,395.82
ORD-001246,CUST-00627,PROD-0232,STORE-006,2025-11-23,4,47.79
ORD-001247,CUST-00501,PROD-0221,STORE-007,2025-09-25,8,419.3
ORD-001248,CUST-00015,PROD-0187,STORE-014,2025-05-23,4,127.67
ORD-001249,CUST-00594,PROD-0057,STORE-019,2025-08-11,3,457.3
ORD-001250,CUST-00428,PROD-0012,STORE-002,2025-01-03,8,368.06
ORD-001251,CUST-00035,PROD-0109,STORE-017,2025-09-16,7,242.23
ORD-001252,CUST-00101,PROD-0116,STORE-016,2025-12-23,4,46.12
ORD-001253,CUST-00710,PROD-0188,STORE-014,2025-01-07,4,70.68
ORD-001254,CUST-00245,PROD-0166,STORE-003,2025-06-01,1,242.48
ORD-001255,CUST-00166,PROD-0181,STORE-015,2025-06-06,1,488.32
ORD-001256,CUST-00142,PROD-0224,STORE-023,2025-08-26,7,96.54
ORD-001257,CUST-00642,PROD-0119,STORE-023,2025-07-09,1,430.88
ORD-001258,CUST-00395,PROD-0229,STORE-023,2025-02-06,6,267.8
ORD-001259,CUST-00437,PROD-0193,STORE-009,2025-06-01,4,394.9
ORD-001260,CUST-00636,PROD-0226,STORE-011,2025-02-11,1,259.78
ORD-001261,CUST-00373,PROD-0228,STORE-002,2025-12-12,2,194.55
ORD-001262,CUST-00634,PROD-0011,STORE-012,2025-08-27,6,91.75
ORD-001263,CUST-00722,PROD-0018,STORE-018,2025-10-14,4,73.5
ORD-001264,CUST-00245,PROD-0139,STORE-004,2025-06-21,8,369.99
ORD-001265,CUST-00720,PROD-0054,STORE-025,2025-10-25,4,163.62
ORD-001266,CUST-00516,PROD-0175,STORE-014,2025-05-17,5,31.95
ORD-001267,CUST-00354,PROD-0116,STORE-016,2025-07-10,2,237.72
ORD-001268,CUST-00695,PROD-0212,STORE-018,2025-09-30,5,228.72
ORD-001269,CUST-00690,PROD-0243,STORE-023,2025-07-08,2,98.23
ORD-001270,CUST-00090,PROD-0021,STORE-013,2025-08-23,3,147.73
ORD-001271,CUST-00112,PROD-0043,STORE-009,2025-02-09,2,350.05
ORD-001272,CUST-00155,PROD-0224,STORE-007,2025-09-12,1,150.11
ORD-001273,CUST-00555,PROD-0239,STORE-005,2025-12-16,8,176.61
ORD-001274,CUST-00661,PROD-0006,STORE-010,2025-08-16,4,36.15
ORD-001275,CUST-00533,PROD-0166,STORE-011,2025-04-29,7,291.45
ORD-001276,CUST-00662,PROD-0202,STORE-011,2025-12-02,8,298.7
ORD-001277,CUST-00543,PROD-0216,STORE-018,2025-12-23,8,231.7
ORD-001278,CUST-00136,PROD-0230,STORE-010,2025-10-18,3,395.68
ORD-001279,CUST-00496,PROD-0096,STORE-010,2025-04-27,1,78.42
ORD-001280,CUST-00467,PROD-0245,STORE-006,2025-05-26,3,357.34
ORD-001281,CUST-00187,PROD-0250,STORE-006,2025-05-27,3,84.81
ORD-001282,CUST-00043,PROD-0082,STORE-019,2025-03-01,3,223.23
ORD-001283,CUST-00189,PROD-0053,STORE-018,2025-07-09,1,334.44
ORD-001284,CUST-00152,PROD-0096,STORE-015,2025-06-26,3,269.14
ORD-001285,CUST-00026,PROD-0104,STORE-016,2025-03-04,3,474.15
ORD-001286,CUST-00160,PROD-0002,STORE-024,2025-06-13,6,325.38
ORD-001287,CUST-00486,PROD-0230,STORE-010,2025-06-01,3,400.78
ORD-001288,CUST-00347,PROD-0177,STORE-004,2025-08-15,8,450.58
ORD-001289,CUST-00695,PROD-0142,STORE-004,2025-03-13,5,17.26
ORD-001290,CUST-00226,PROD-0115,STORE-012,2025-11-13,2,166.54
ORD-001291,CUST-00657,PROD-0050,STORE-019,2025-11-08,4,391.73
ORD-001292,CUST-00201,PROD-0006,STORE-003,2025-05-23,8,340.14
ORD-001293,CUST-00525,PROD-0101,STORE-007,2025-02-14,8,162.28
ORD-001294,CUST-00524,PROD-0242,STORE-002,2025-11-06,6,201.78
ORD-001295,CUST-00379,PROD-0099,STORE-012,2025-08-07,1,145.89
ORD-001296,CUST-00316,PROD-0115,STORE-018,2025-06-29,2,111.76
ORD-001297,CUST-00426,PROD-0206,STORE-015,2025-08-16,5,86.07
ORD-001298,CUST-00747,PROD-0230,STORE-014,2025-08-06,3,418.57
ORD-001299,CUST-00089,PROD-0037,STORE-007,2025-11-03,5,239.92
ORD-001300,CUST-00344,PROD-0017,STORE-019,2025-09-26,7,48.77
ORD-001301,CUST-00655,PROD-0235,STORE-009,2025-07-29,7,91.56
ORD-001302,CUST-00728,PROD-0146,STORE-025,2025-08-25,3,103.62
ORD-001303,CUST-00297,PROD-0142,STORE-016,2025-07-15,1,412.28
ORD-001304,CUST-00600,PROD-0078,STORE-016,2025-06-04,8,116.13
ORD-001305,CUST-00158,PROD-0068,STORE-010,2025-01-02,8,66.46
ORD-001306,CUST-00295,PROD-0107,STORE-006,2025-12-07,8,453.85
ORD-001307,CUST-00251,PROD-0008,STORE-004,2025-11-27,5,249.05
ORD-001308,CUST-00614,PROD-0191,STORE-012,2025-02-04,8,284.95
ORD-001309,CUST-00644,PROD-0176,STORE-016,2025-05-13,2,189.73
ORD-001310,CUST-00018,PROD-0217,STORE-009,2025-10-22,3,292.91
ORD-001311,CUST-00328,PROD-0119,STORE-023,2025-03-16,3,181.9
ORD-001312,CUST-00280,PROD-0093,STORE-014,2025-01-28,6,29.1
ORD-001313,CUST-00543,PROD-0164,STORE-003,2025-05-30,4,384.38
ORD-001314,CUST-00097,PROD-0154,STORE-025,2025-04-04,3,274.13
ORD-001315,CUST-00702,PROD-0205,STORE-010,2025-06-11,5,344.28
ORD-001316,CUST-00372,PROD-0025,STORE-018,2025-12-19,6,412.53
ORD-001317,CUST-00141,PROD-0133,STORE-010,2025-01-07,6,390.5
ORD-001318,CUST-00349,PROD-0236,STORE-006,2025-07-30,2,112.84
ORD-001319,CUST-00227,PROD-0213,STORE-007,2025-09-15,2,211.58
ORD-001320,CUST-00120,PROD-0210,STORE-005,2025-02-09,1,242.35
ORD-001321,CUST-00708,PROD-0093,STORE-005,2025-06-09,8,445.4
ORD-001322,CUST-00536,PROD-0196,STORE-011,2025-11-02,3,356.39
ORD-001323,CUST-00122,PROD-0057,STORE-005,2025-01-15,3,345.57
ORD-001324,CUST-00129,PROD-0054,STORE-005,2025-06-07,2,215.27
ORD-001325,CUST-00080,PROD-0005,STORE-025,2025-02-27,8,379.87
ORD-001326,CUST-00202,PROD-0028,STORE-002,2025-01-22,1,237.19
ORD-001327,CUST-00045,PROD-0017,STORE-010,2025-05-10,1,378.49
ORD-001328,CUST-00617,PROD-0053,STORE-019,2025-03-05,4,96.46
ORD-001329,CUST-00030,PROD-0024,STORE-005,2025-06-29,5,474.64
ORD-001330,CUST-00361,PROD-0042,STORE-017,2025-06-28,4,254.92
ORD-001331,CUST-00102,PROD-0210,STORE-019,2025-02-04,1,266.77
ORD-001332,CUST-00289,PROD-0044,STORE-025,2025-04-09,1,486.91
ORD-001333,CUST-00220,PROD-0236,STORE-017,2025-02-20,8,186.39
ORD-001334,CUST-00190,PROD-0113,STORE-022,2025-10-29,2,94.51
ORD-001335,CUST-00389,PROD-0109,STORE-007,2025-07-01,4,206.74
ORD-001336,CUST-00127,PROD-0120,STORE-004,2025-06-10,3,250.42
ORD-001337,CUST-00722,PROD-0074,STORE-018,2025-07-04,1,45.7
ORD-001338,CUST-00119,PROD-0099,STORE-010,2025-09-10,8,302.18
ORD-001339,CUST-00704,PROD-0250,STORE-015,2025-06-09,4,279.18
ORD-001340,CUST-00439,PROD-0049,STORE-003,2025-05-29,8,469.84
ORD-001341,CUST-00184,PROD-0004,STORE-022,2025-07-08,8,337.68
ORD-001342,CUST-00449,PROD-0134,STORE-022,2025-07-22,2,64.0
ORD-001343,CUST-00411,PROD-0178,STORE-019,2025-07-22,2,372.0
ORD-001344,CUST-00067,PROD-0094,STORE-007,2025-03-28,6,104.12
ORD-001345,CUST-00126,PROD-0060,STORE-014,2025-07-26,8,142.86
ORD-001346,CUST-00608,PROD-0070,STORE-025,2025-10-25,7,181.26
ORD-001347,CUST-00618,PROD-0244,STORE-013,2025-12-08,8,258.14
ORD-001348,CUST-00466,PROD-0028,STORE-004,2025-03-17,5,247.21
ORD-001349,CUST-00644,PROD-0242,STORE-005,2025-04-29,1,54.29
ORD-001350,CUST-00070,PROD-0128,STORE-022,2025-01-28,1,486.17
ORD-001351,CUST-00620,PROD-0174,STORE-011,2025-07-15,3,154.85
ORD-001352,CUST-00099,PROD-0195,STORE-003,2025-11-16,8,397.39
ORD-001353,CUST-00301,PROD-0170,STORE-016,2025-04-14,8,254.86
ORD-001354,CUST-00352,PROD-0208,STORE-018,2025-10-05,1,476.52
ORD-001355,CUST-00441,PROD-0226,STORE-004,2025-01-17,7,227.8
ORD-001356,CUST-00454,PROD-0118,STORE-002,2025-07-12,1,92.54
ORD-001357,CUST-00311,PROD-0227,STORE-023,2025-12-04,3,248.27
ORD-001358,CUST-00320,PROD-0184,STORE-013,2025-03-10,8,383.18
ORD-001359,CUST-00692,PROD-0126,STORE-022,2025-10-19,8,240.57
ORD-001360,CUST-00519,PROD-0015,STORE-013,2025-03-22,5,249.86
ORD-001361,CUST-00632,PROD-0174,STORE-012,2025-07-13,5,163.63
ORD-001362,CUST-00605,PROD-0012,STORE-005,2025-01-15,6,177.68
ORD-001363,CUST-00028,PROD-0196,STORE-021,2025-10-26,6,193.37
ORD-001364,CUST-00354,PROD-0092,STORE-014,2025-08-08,6,32.93
ORD-001365,CUST-00254,PROD-0061,STORE-021,2025-05-06,5,298.29
ORD-001366,CUST-00068,PROD-0223,STORE-010,2025-12-19,2,172.1
ORD-001367,CUST-00552,PROD-0084,STORE-002,2025-01-11,8,330.59
ORD-001368,CUST-00582,PROD-0132,STORE-014,2025-08-05,5,15.09
ORD-001369,CUST-00603,PROD-0006,STORE-011,2025-08-29,7,287.32
ORD-001370,CUST-00587,PROD-0026,STORE-016,2025-06-15,2,346.97
ORD-001371,CUST-00345,PROD-0128,STORE-017,2025-04-16,6,87.47
ORD-001372,CUST-00373,PROD-0249,STORE-014,2025-06-03,4,250.98
ORD-001373,CUST-00549,PROD-0055,STORE-010,2025-02-08,5,28.52
ORD-001374,CUST-00412,PROD-0206,STORE-008,2025-10-21,2,360.25
ORD-001375,CUST-00098,PROD-0152,STORE-011,2025-10-24,5,38.29
ORD-001376,CUST-00487,PROD-0110,STORE-007,2025-09-29,6,398.84
ORD-001377,CUST-00310,PROD-0130,STORE-010,2025-11-30,7,333.4
ORD-001378,CUST-00205,PROD-0107,STORE-013,2025-06-10,5,314.35
ORD-001379,CUST-00688,PROD-0196,STORE-018,2025-08-21,3,441.03
ORD-001380,CUST-00721,PROD-0133,STORE-006,2025-11-18,8,110.4
ORD-001381,CUST-00275,PROD-0240,STORE-021,2025-08-28,7,467.63
ORD-001382,CUST-00062,PROD-0134,STORE-007,2025-11-17,6,233.92
ORD-001383,CUST-00155,PROD-0192,STORE-022,2025-05-04,5,422.83
ORD-001384,CUST-00327,PROD-0221,STORE-003,2025-07-30,4,423.74
ORD-001385,CUST-00294,PROD-0166,STORE-006,2025-05-17,5,344.98
ORD-001386,CUST-00416,PROD-0062,STORE-004,2025-05-01,3,99.99
ORD-001387,CUST-00318,PROD-0119,STORE-016,2025-05-06,7,213.89
ORD-001388,CUST-00207,PROD-0041,STORE-009,2025-01-19,3,19.42
ORD-001389,CUST-00675,PROD-0141,STORE-006,2025-05-23,1,482.06
ORD-001390,CUST-00021,PROD-0015,STORE-003,2025-09-06,6,302.78
ORD-001391,CUST-00417,PROD-0230,STORE-012,2025-02-02,2,201.45
ORD-001392,CUST-00242,PROD-0029,STORE-019,2025-03-13,2,263.36
ORD-001393,CUST-00538,PROD-0065,STORE-016,2025-10-25,2,122.84
ORD-001394,CUST-00321,PROD-0085,STORE-019,2025-03-04,7,403.88
ORD-001395,CUST-00434,PROD-0056,STORE-005,2025-05-01,2,91.69
ORD-001396,CUST-00451,PROD-0105,STORE-009,2025-05-21,1,247.72
ORD-001397,CUST-00717,PROD-0243,STORE-004,2025-07-11,6,275.13
ORD-001398,CUST-00700,PROD-0064,STORE-009,2025-09-01,3,184.67
ORD-001399,CUST-00316,PROD-0006,STORE-021,2025-07-08,1,421.52
ORD-001400,CUST-00056,PROD-0177,STORE-022,2025-12-06,4,130.22
ORD-001401,CUST-00317,PROD-0164,STORE-023,2025-07-16,6,452.05
ORD-001402,CUST-00125,PROD-0137,STORE-008,2025-12-17,8,197.28
ORD-001403,CUST-00262,PROD-0078,STORE-003,2025-07-21,4,152.21
ORD-001404,CUST-00450,PROD-0162,STORE-011,2025-03-24,7,395.7
ORD-001405,CUST-00083,PROD-0211,STORE-025,2025-05-21,8,238.18
ORD-001406,CUST-00341,PROD-0184,STORE-014,2025-07-31,2,413.07
ORD-001407,CUST-00268,PROD-0130,STORE-003,2025-12-24,6,213.32
ORD-001408,CUST-00335,PROD-0117,STORE-023,2025-10-08,1,382.17
ORD-001409,CUST-00657,PROD-0048,STORE-021,2025-11-25,8,396.54
ORD-001410,CUST-00004,PROD-0103,STORE-007,2025-03-11,5,160.28
ORD-001411,CUST-00114,PROD-0041,STORE-008,2025-02-12,3,424.24
ORD-001412,CUST-00421,PROD-0203,STORE-011,2025-12-18,8,241.78
ORD-001413,CUST-00267,PROD-0045,STORE-022,2025-03-10,6,400.76
ORD-001414,CUST-00087,PROD-0107,STORE-012,2025-04-12,3,199.77
ORD-001415,CUST-00585,PROD-0058,STORE-001,2025-07-13,1,461.93
ORD-001416,CUST-00627,PROD-0161,STORE-008,2025-11-28,2,487.18
ORD-001417,CUST-00269,PROD-0180,STORE-006,2025-04-12,1,203.5
ORD-001418,CUST-00615,PROD-0067,STORE-005,2025-08-08,2,479.22
ORD-001419,CUST-00581,PROD-0031,STORE-001,2025-03-29,7,387.8
ORD-001420,CUST-00690,PROD-0127,STORE-004,2025-08-21,4,358.2
ORD-001421,CUST-00273,PROD-0074,STORE-024,2025-04-08,8,194.12
ORD-001422,CUST-00212,PROD-0154,STORE-007,2025-08-09,5,364.71
ORD-001423,CUST-00429,PROD-0047,STORE-014,2025-04-07,3,19.23
ORD-001424,CUST-00242,PROD-0159,STORE-015,2025-05-15,4,187.96
ORD-001425,CUST-00663,PROD-0118,STORE-003,2025-12-17,1,237.09
ORD-001426,CUST-00710,PROD-0102,STORE-022,2025-06-15,4,358.09
ORD-001427,CUST-00434,PROD-0189,STORE-020,2025-12-29,5,41.15
ORD-001428,CUST-00061,PROD-0014,STORE-011,2025-10-13,4,238.1
ORD-001429,CUST-00621,PROD-0241,STORE-022,2025-07-01,1,7.64
ORD-001430,CUST-00635,PROD-0098,STORE-010,2025-09-16,7,337.26
ORD-001431,CUST-00573,PROD-0011,STORE-019,2025-03-09,3,133.83
ORD-001432,CUST-00505,PROD-0239,STORE-011,2025-09-15,8,70.29
ORD-001433,CUST-00728,PROD-0136,STORE-014,2025-06-12,3,133.89
ORD-001434,CUST-00046,PROD-0033,STORE-016,2025-06-10,5,375.16
ORD-001435,CUST-00290,PROD-0232,STORE-009,2025-08-09,5,260.89
ORD-001436,CUST-00169,PROD-0081,STORE-024,2025-08-12,8,383.01
ORD-001437,CUST-00570,PROD-0219,STORE-022,2025-03-19,8,31.33
ORD-001438,CUST-00056,PROD-0059,STORE-006,2025-03-18,1,237.76
ORD-001439,CUST-00723,PROD-0120,STORE-014,2025-03-25,2,497.61
ORD-001440,CUST-00042,PROD-0114,STORE-012,2025-09-11,8,231.58
ORD-001441,CUST-00738,PROD-0222,STORE-005,2025-02-27,2,178.04
ORD-001442,CUST-00291,PROD-0047,STORE-006,2025-04-15,5,283.8
ORD-001443,CUST-00600,PROD-0055,STORE-019,2025-12-06,1,265.37
ORD-001444,CUST-00185,PROD-0107,STORE-003,2025-10-20,4,385.28
ORD-001445,CUST-00097,PROD-0228,STORE-011,2025-12-13,1,145.71
ORD-001446,CUST-00125,PROD-0101,STORE-012,2025-12-15,2,419.29
ORD-001447,CUST-00030,PROD-0021,STORE-015,2025-03-20,8,229.75
ORD-001448,CUST-00609,PROD-0169,STORE-001,2025-05-18,6,485.03
ORD-001449,CUST-00638,PROD-0244,STORE-015,2025-12-02,6,473.96
ORD-001450,CUST-00133,PROD-0055,STORE-002,2025-10-19,5,164.96
ORD-001451,CUST-00073,PROD-0141,STORE-020,2025-01-29,7,50.8
ORD-001452,CUST-00183,PROD-0062,STORE-025,2025-05-11,7,49.14
ORD-001453,CUST-00167,PROD-0100,STORE-025,2025-04-17,7,146.03
ORD-001454,CUST-00158,PROD-0031,STORE-010,2025-12-01,8,401.53
ORD-001455,CUST-00702,PROD-0155,STORE-005,2025-06-08,6,334.42
ORD-001456,CUST-00525,PROD-0052,STORE-016,2025-07-08,8,443.27
ORD-001457,CUST-00275,PROD-0145,STORE-020,2025-09-01,7,49.65
ORD-001458,CUST-00378,PROD-0158,STORE-006,2025-08-05,7,317.18
ORD-001459,CUST-00042,PROD-0132,STORE-011,2025-02-17,8,339.83
ORD-001460,CUST-00703,PROD-0183,STORE-005,2025-11-28,8,265.99
ORD-001461,CUST-00538,PROD-0022,STORE-010,2025-11-28,8,221.48
ORD-001462,CUST-00308,PROD-0039,STORE-005,2025-09-02,5,421.55
ORD-001463,CUST-00438,PROD-0076,STORE-019,2025-09-25,1,277.73
ORD-001464,CUST-00526,PROD-0028,STORE-017,2025-01-24,7,209.43
ORD-001465,CUST-00677,PROD-0185,STORE-019,2025-08-26,5,180.94
ORD-001466,CUST-00084,PROD-0197,STORE-017,2025-10-27,1,61.39
ORD-001467,CUST-00474,PROD-0046,STORE-006,2025-12-05,7,27.39
ORD-001468,CUST-00722,PROD-0077,STORE-011,2025-08-02,8,379.88
ORD-001469,CUST-00639,PROD-0207,STORE-009,2025-08-19,6,483.52
ORD-001470,CUST-00217,PROD-0048,STORE-003,2025-04-06,5,436.44
ORD-001471,CUST-00445,PROD-0137,STORE-001,2025-02-24,1,200.48
ORD-001472,CUST-00176,PROD-0168,STORE-016,2025-01-07,8,347.43
ORD-001473,CUST-00617,PROD-0186,STORE-016,2025-12-03,5,311.15
ORD-001474,CUST-00370,PROD-0177,STORE-022,2025-11-12,7,403.29
ORD-001475,CUST-00129,PROD-0035,STORE-001,2025-02-14,4,60.39
ORD-001476,CUST-00713,PROD-0249,STORE-007,2025-01-09,1,108.56
ORD-001477,CUST-00149,PROD-0167,STORE-008,2025-11-29,7,421.82
ORD-001478,CUST-00196,PROD-0023,STORE-010,2025-10-03,8,78.33
ORD-001479,CUST-00023,PROD-0030,STORE-006,2025-08-05,3,370.69
ORD-001480,CUST-00497,PROD-0121,STORE-001,2025-08-16,8,294.68
ORD-001481,CUST-00302,PROD-0146,STORE-013,2025-04-14,1,170.25
ORD-001482,CUST-00646,PROD-0217,STORE-023,2025-02-22,7,489.84
ORD-001483,CUST-00593,PROD-0153,STORE-024,2025-09-11,5,23.31
ORD-001484,CUST-00498,PROD-0132,STORE-019,2025-07-24,8,119.78
ORD-001485,CUST-00541,PROD-0005,STORE-014,2025-02-01,6,278.85
ORD-001486,CUST-00664,PROD-0107,STORE-016,2025-05-18,2,249.91
ORD-001487,CUST-00356,PROD-0115,STORE-023,2025-11-27,7,15.29
ORD-001488,CUST-00744,PROD-0050,STORE-016,2025-05-28,6,221.85
ORD-001489,CUST-00225,PROD-0151,STORE-022,2025-09-17,6,461.25
ORD-001490,CUST-00480,PROD-0034,STORE-010,2025-12-03,7,480.09
ORD-001491,CUST-00669,PROD-0189,STORE-012,2025-12-11,8,400.87
ORD-001492,CUST-00637,PROD-0054,STORE-010,2025-03-24,2,335.18
ORD-001493,CUST-00178,PROD-0052,STORE-006,2025-03-08,8,54.94
ORD-001494,CUST-00506,PROD-0078,STORE-008,2025-08-01,4,280.62
ORD-001495,CUST-00368,PROD-0226,STORE-009,2025-01-10,6,340.07
ORD-001496,CUST-00516,PROD-0009,STORE-003,2025-03-31,6,218.15
ORD-001497,CUST-00233,PROD-0031,STORE-018,2025-11-13,4,245.74
ORD-001498,CUST-00364,PROD-0197,STORE-002,2025-06-24,5,448.67
ORD-001499,CUST-00528,PROD-0155,STORE-022,2025-12-20,2,354.66
ORD-001500,CUST-00469,PROD-0247,STORE-025,2025-08-13,2,487.45
ORD-001501,CUST-00625,PROD-0201,STORE-004,2025-11-09,1,256.11
ORD-001502,CUST-00646,PROD-0031,STORE-007,2025-03-27,6,82.72
ORD-001503,CUST-00726,PROD-0114,STORE-025,2025-05-30,8,367.6
ORD-001504,CUST-00158,PROD-0166,STORE-012,2025-02-20,6,410.47
ORD-001505,CUST-00207,PROD-0113,STORE-014,2025-03-04,1,126.42
ORD-001506,CUST-00350,PROD-0074,STORE-017,2025-08-31,3,47.18
ORD-001507,CUST-00733,PROD-0194,STORE-014,2025-07-10,6,316.56
ORD-001508,CUST-00156,PROD-0193,STORE-025,2025-05-06,7,394.66
ORD-001509,CUST-00440,PROD-0106,STORE-014,2025-03-12,8,476.15
ORD-001510,CUST-00699,PROD-0093,STORE-001,2025-09-22,8,77.05
ORD-001511,CUST-00735,PROD-0207,STORE-017,2025-01-06,2,46.96
ORD-001512,CUST-00412,PROD-0198,STORE-006,2025-06-11,7,35.42
ORD-001513,CUST-00677,PROD-0237,STORE-021,2025-01-19,3,451.73
ORD-001514,CUST-00647,PROD-0183,STORE-022,2025-01-30,5,212.55
ORD-001515,CUST-00718,PROD-0142,STORE-010,2025-12-15,6,455.06
ORD-001516,CUST-00287,PROD-0231,STORE-017,2025-01-05,3,351.64
ORD-001517,CUST-00660,PROD-0053,STORE-018,2025-08-17,8,350.24
ORD-001518,CUST-00415,PROD-0199,STORE-007,2025-11-29,5,46.71
ORD-001519,CUST-00343,PROD-0100,STORE-024,2025-10-03,3,262.62
ORD-001520,CUST-00291,PROD-0055,STORE-003,2025-10-04,5,263.05
ORD-001521,CUST-00164,PROD-0006,STORE-001,2025-11-22,5,124.45
ORD-001522,CUST-00744,PROD-0109,STORE-017,2025-06-05,2,367.32
ORD-001523,CUST-00266,PROD-0161,STORE-017,2025-07-10,6,66.28
ORD-001524,CUST-00128,PROD-0115,STORE-010,2025-11-30,1,229.3
ORD-001525,CUST-00596,PROD-0145,STORE-023,2025-05-01,4,178.41
ORD-001526,CUST-00683,PROD-0201,STORE-023,2025-05-26,3,358.59
ORD-001527,CUST-00254,PROD-0027,STORE-011,2025-09-24,4,412.3
ORD-001528,CUST-00466,PROD-0026,STORE-005,2025-07-04,7,415.07
ORD-001529,CUST-00095,PROD-0016,STORE-014,2025-02-11,3,240.74
ORD-001530,CUST-00080,PROD-0095,STORE-022,2025-08-17,7,296.17
ORD-001531,CUST-00405,PROD-0224,STORE-009,2025-09-23,8,320.04
ORD-001532,CUST-00706,PROD-0239,STORE-016,2025-08-14,7,412.78
ORD-001533,CUST-00518,PROD-0033,STORE-016,2025-03-15,8,69.04
ORD-001534,CUST-00526,PROD-0221,STORE-017,2025-12-27,2,348.75
ORD-001535,CUST-00485,PROD-0009,STORE-024,2025-08-22,3,472.3
ORD-001536,CUST-00122,PROD-0155,STORE-014,2025-07-09,2,64.82
ORD-001537,CUST-00297,PROD-0011,STORE-017,2025-10-20,3,63.27
ORD-001538,CUST-00384,PROD-0078,STORE-010,2025-06-06,8,18.84
ORD-001539,CUST-00146,PROD-0201,STORE-019,2025-03-15,7,29.07
ORD-001540,CUST-00291,PROD-0056,STORE-006,2025-06-06,8,6.02
ORD-001541,CUST-00358,PROD-0018,STORE-002,2025-10-08,7,243.17
ORD-001542,CUST-00580,PROD-0116,STORE-011,2025-06-08,7,240.23
ORD-001543,CUST-00136,PROD-0196,STORE-005,2025-11-07,8,382.02
ORD-001544,CUST-00460,PROD-0039,STORE-024,2025-12-08,6,49.2
ORD-001545,CUST-00681,PROD-0160,STORE-014,2025-11-16,7,120.24
ORD-001546,CUST-00348,PROD-0139,STORE-002,2025-07-22,8,369.27
ORD-001547,CUST-00091,PROD-0222,STORE-006,2025-11-27,1,288.13
ORD-001548,CUST-00317,PROD-0144,STORE-021,2025-12-29,2,323.73
ORD-001549,CUST-00198,PROD-0245,STORE-020,2025-02-13,1,478.85
ORD-001550,CUST-00194,PROD-0193,STORE-016,2025-09-25,1,64.53
ORD-001551,CUST-00185,PROD-0247,STORE-001,2025-09-30,5,394.43
ORD-001552,CUST-00723,PROD-0215,STORE-019,2025-05-06,8,46.89
ORD-001553,CUST-00622,PROD-0083,STORE-013,2025-10-01,1,248.27
ORD-001554,CUST-00349,PROD-0112,STORE-006,2025-01-12,7,16.9
ORD-001555,CUST-00325,PROD-0098,STORE-009,2025-09-28,2,61.74
ORD-001556,CUST-00555,PROD-0044,STORE-010,2025-02-20,3,95.41
ORD-001557,CUST-00158,PROD-0079,STORE-014,2025-02-15,3,34.15
ORD-001558,CUST-00186,PROD-0007,STORE-023,2025-06-16,1,152.51
ORD-001559,CUST-00328,PROD-0037,STORE-014,2025-02-20,6,132.67
ORD-001560,CUST-00054,PROD-0052,STORE-008,2025-03-03,4,249.01
ORD-001561,CUST-00395,PROD-0244,STORE-004,2025-09-16,5,35.0
ORD-001562,CUST-00567,PROD-0105,STORE-003,2025-08-26,8,19.3
ORD-001563,CUST-00240,PROD-0234,STORE-001,2025-11-21,5,279.26
ORD-001564,CUST-00692,PROD-0026,STORE-008,2025-10-28,3,155.77
ORD-001565,CUST-00457,PROD-0022,STORE-021,2025-07-28,4,392.52
ORD-001566,CUST-00383,PROD-0139,STORE-006,2025-03-14,4,271.07
ORD-001567,CUST-00569,PROD-0116,STORE-002,2025-08-05,1,407.25
ORD-001568,CUST-00297,PROD-0168,STORE-006,2025-11-14,1,34.78
ORD-001569,CUST-00280,PROD-0154,STORE-009,2025-09-04,7,499.61
ORD-001570,CUST-00218,PROD-0150,STORE-017,2025-11-20,5,27.5
ORD-001571,CUST-00577,PROD-0018,STORE-010,2025-10-01,2,200.67
ORD-001572,CUST-00144,PROD-0186,STORE-018,2025-03-04,5,439.74
ORD-001573,CUST-00626,PROD-0130,STORE-011,2025-04-18,6,319.4
ORD-001574,CUST-00464,PROD-0070,STORE-008,2025-12-29,6,174.1
ORD-001575,CUST-00614,PROD-0085,STORE-001,2025-08-24,3,324.98
ORD-001576,CUST-00624,PROD-0122,STORE-001,2025-01-02,1,337.98
ORD-001577,CUST-00570,PROD-0230,STORE-023,2025-07-31,8,382.41
ORD-001578,CUST-00084,PROD-0202,STORE-021,2025-10-03,2,271.62
ORD-001579,CUST-00456,PROD-0173,STORE-004,2025-12-10,6,486.15
ORD-001580,CUST-00616,PROD-0092,STORE-013,2025-07-12,3,420.37
ORD-001581,CUST-00009,PROD-0032,STORE-015,2025-12-23,6,468.43
ORD-001582,CUST-00010,PROD-0057,STORE-024,2025-08-16,1,380.41
ORD-001583,CUST-00727,PROD-0092,STORE-007,2025-12-15,2,409.05
ORD-001584,CUST-00311,PROD-0207,STORE-023,2025-11-17,4,120.95
ORD-001585,CUST-00372,PROD-0010,STORE-009,2025-09-10,8,452.72
ORD-001586,CUST-00621,PROD-0054,STORE-001,2025-12-28,4,492.2
ORD-001587,CUST-00406,PROD-0029,STORE-009,2025-11-23,8,89.38
ORD-001588,CUST-00676,PROD-0190,STORE-019,2025-04-10,3,37.34
ORD-001589,CUST-00067,PROD-0033,STORE-009,2025-03-07,4,441.09
ORD-001590,CUST-00197,PROD-0218,STORE-022,2025-05-21,1,496.01
ORD-001591,CUST-00695,PROD-0137,STORE-020,2025-12-21,5,341.93
ORD-001592,CUST-00003,PROD-0241,STORE-014,2025-08-21,1,427.65
ORD-001593,CUST-00443,PROD-0217,STORE-014,2025-06-15,5,65.24
ORD-001594,CUST-00478,PROD-0127,STORE-012,2025-09-23,1,442.47
ORD-001595,CUST-00049,PROD-0072,STORE-014,2025-04-25,8,161.53
ORD-001596,CUST-00200,PROD-0086,STORE-003,2025-07-20,1,495.17
ORD-001597,CUST-00707,PROD-0109,STORE-003,2025-04-26,4,102.44
ORD-001598,CUST-00319,PROD-0017,STORE-021,2025-06-18,2,18.79
ORD-001599,CUST-00025,PROD-0152,STORE-021,2025-08-10,6,421.04
ORD-001600,CUST-00111,PROD-0122,STORE-008,2025-05-07,6,417.09
ORD-001601,CUST-00533,PROD-0204,STORE-008,2025-06-20,2,388.99
ORD-001602,CUST-00450,PROD-0196,STORE-004,2025-11-14,8,291.56
ORD-001603,CUST-00063,PROD-0235,STORE-002,2025-02-13,7,160.06
ORD-001604,CUST-00067,PROD-0201,STORE-005,2025-12-22,1,459.95
ORD-001605,CUST-00057,PROD-0078,STORE-020,2025-08-15,7,37.56
ORD-001606,CUST-00058,PROD-0144,STORE-002,2025-12-13,5,425.71
ORD-001607,CUST-00099,PROD-0159,STORE-025,2025-07-25,7,120.38
ORD-001608,CUST-00676,PROD-0160,STORE-001,2025-11-03,8,195.03
ORD-001609,CUST-00636,PROD-0159,STORE-004,2025-08-08,6,327.2
ORD-001610,CUST-00027,PROD-0117,STORE-017,2025-12-12,6,295.96
ORD-001611,CUST-00106,PROD-0004,STORE-020,2025-02-25,2,298.47
ORD-001612,CUST-00587,PROD-0033,STORE-021,2025-04-10,5,180.91
ORD-001613,CUST-00743,PROD-0159,STORE-015,2025-09-04,3,125.35
ORD-001614,CUST-00062,PROD-0033,STORE-010,2025-01-23,7,258.99
ORD-001615,CUST-00367,PROD-0080,STORE-019,2025-11-30,3,77.96
ORD-001616,CUST-00618,PROD-0088,STORE-010,2025-06-08,6,485.27
ORD-001617,CUST-00601,PROD-0169,STORE-022,2025-09-23,3,33.36
ORD-001618,CUST-00573,PROD-0220,STORE-002,2025-09-17,7,175.18
ORD-001619,CUST-00656,PROD-0233,STORE-007,2025-04-13,2,174.06
ORD-001620,CUST-00488,PROD-0178,STORE-023,2025-12-08,8,301.87
ORD-001621,CUST-00593,PROD-0145,STORE-011,2025-06-19,5,212.24
ORD-001622,CUST-00108,PROD-0117,STORE-002,2025-03-25,8,113.6
ORD-001623,CUST-00655,PROD-0058,STORE-023,2025-01-02,4,235.93
ORD-001624,CUST-00245,PROD-0124,STORE-024,2025-04-20,6,404.59
ORD-001625,CUST-00211,PROD-0103,STORE-006,2025-07-12,1,184.58
ORD-001626,CUST-00367,PROD-0008,STORE-018,2025-02-07,2,75.48
ORD-001627,CUST-00200,PROD-0162,STORE-019,2025-08-14,6,26.72
ORD-001628,CUST-00204,PROD-0051,STORE-010,2025-01-16,3,113.37
ORD-001629,CUST-00737,PROD-0045,STORE-011,2025-05-15,4,93.37
ORD-001630,CUST-00181,PROD-0216,STORE-009,2025-01-12,2,15.38
ORD-001631,CUST-00141,PROD-0098,STORE-021,2025-12-13,2,172.49
ORD-001632,CUST-00313,PROD-0117,STORE-008,2025-04-18,6,405.69
ORD-001633,CUST-00176,PROD-0241,STORE-017,2025-12-05,7,439.79
ORD-001634,CUST-00122,PROD-0037,STORE-005,2025-02-03,4,99.87
ORD-001635,CUST-00712,PROD-0096,STORE-011,2025-07-13,7,488.6
ORD-001636,CUST-00048,PROD-0196,STORE-020,2025-05-06,4,427.94
ORD-001637,CUST-00153,PROD-0084,STORE-008,2025-05-31,1,316.57
ORD-001638,CUST-00130,PROD-0218,STORE-017,2025-05-24,8,108.56
ORD-001639,CUST-00482,PROD-0203,STORE-022,2025-02-11,2,87.87
ORD-001640,CUST-00661,PROD-0193,STORE-017,2025-07-18,6,251.79
ORD-001641,CUST-00184,PROD-0083,STORE-023,2025-08-26,6,265.1
ORD-001642,CUST-00733,PROD-0245,STORE-016,2025-09-05,8,137.82
ORD-001643,CUST-00654,PROD-0236,STORE-019,2025-07-25,1,107.55
ORD-001644,CUST-00463,PROD-0221,STORE-008,2025-04-14,7,113.19
ORD-001645,CUST-00387,PROD-0147,STORE-006,2025-08-06,6,130.98
ORD-001646,CUST-00138,PROD-0193,STORE-003,2025-02-13,5,225.02
ORD-001647,CUST-00236,PROD-0150,STORE-002,2025-06-30,8,258.56
ORD-001648,CUST-00437,PROD-0116,STORE-015,2025-06-22,7,207.42
ORD-001649,CUST-00325,PROD-0070,STORE-013,2025-09-12,1,93.88
ORD-001650,CUST-00272,PROD-0166,STORE-003,2025-04-30,6,451.22
ORD-001651,CUST-00514,PROD-0132,STORE-018,2025-05-31,2,394.0
ORD-001652,CUST-00101,PROD-0031,STORE-003,2025-04-27,6,23.94
ORD-001653,CUST-00342,PROD-0051,STORE-022,2025-04-13,6,128.75
ORD-001654,CUST-00282,PROD-0049,STORE-023,2025-12-16,3,499.2
ORD-001655,CUST-00268,PROD-0003,STORE-025,2025-10-06,5,144.5
ORD-001656,CUST-00414,PROD-0243,STORE-013,2025-06-27,1,238.63
ORD-001657,CUST-00153,PROD-0222,STORE-013,2025-09-20,4,117.32
ORD-001658,CUST-00486,PROD-0060,STORE-017,2025-04-18,8,362.63
ORD-001659,CUST-00349,PROD-0203,STORE-003,2025-08-25,6,423.66
ORD-001660,CUST-00715,PROD-0107,STORE-007,2025-08-08,8,227.73
ORD-001661,CUST-00031,PROD-0096,STORE-005,2025-10-13,3,156.25
ORD-001662,CUST-00512,PROD-0208,STORE-022,2025-01-05,6,173.2
ORD-001663,CUST-00436,PROD-0176,STORE-025,2025-08-03,7,382.6
ORD-001664,CUST-00551,PROD-0077,STORE-011,2025-12-20,1,285.94
ORD-001665,CUST-00143,PROD-0040,STORE-011,2025-01-17,7,490.18
ORD-001666,CUST-00401,PROD-0017,STORE-018,2025-04-15,7,98.22
ORD-001667,CUST-00337,PROD-0146,STORE-015,2025-02-25,5,51.14
ORD-001668,CUST-00692,PROD-0142,STORE-006,2025-02-23,1,414.1
ORD-001669,CUST-00501,PROD-0007,STORE-006,2025-11-05,4,39.39
ORD-001670,CUST-00291,PROD-0053,STORE-008,2025-07-17,5,331.48
ORD-001671,CUST-00466,PROD-0015,STORE-012,2025-02-05,1,90.04
ORD-001672,CUST-00401,PROD-0041,STORE-004,2025-07-30,3,270.53
ORD-001673,CUST-00071,PROD-0100,STORE-007,2025-09-02,3,435.86
ORD-001674,CUST-00443,PROD-0210,STORE-023,2025-06-08,8,83.59
ORD-001675,CUST-00318,PROD-0151,STORE-007,2025-10-22,8,141.33
ORD-001676,CUST-00147,PROD-0115,STORE-003,2025-01-04,7,304.39
ORD-001677,CUST-00539,PROD-0085,STORE-019,2025-05-07,8,232.79
ORD-001678,CUST-00041,PROD-0189,STORE-003,2025-10-22,5,324.91
ORD-001679,CUST-00356,PROD-0180,STORE-023,2025-08-22,5,198.58
ORD-001680,CUST-00426,PROD-0064,STORE-006,2025-03-31,7,231.61
ORD-001681,CUST-00188,PROD-0179,STORE-019,2025-12-04,2,199.8
ORD-001682,CUST-00246,PROD-0227,STORE-006,2025-01-23,5,441.86
ORD-001683,CUST-00299,PROD-0171,STORE-003,2025-10-03,4,454.81
ORD-001684,CUST-00567,PROD-0032,STORE-012,2025-07-30,2,378.91
ORD-001685,CUST-00334,PROD-0105,STORE-015,2025-09-16,3,130.11
ORD-001686,CUST-00046,PROD-0119,STORE-001,2025-09-17,2,321.23
ORD-001687,CUST-00473,PROD-0098,STORE-011,2025-12-12,7,428.6
ORD-001688,CUST-00039,PROD-0003,STORE-009,2025-07-23,2,355.99
ORD-001689,CUST-00335,PROD-0172,STORE-024,2025-03-11,8,244.95
ORD-001690,CUST-00085,PROD-0141,STORE-022,2025-02-04,4,358.21
ORD-001691,CUST-00144,PROD-0121,STORE-009,2025-08-13,3,89.43
ORD-001692,CUST-00622,PROD-0026,STORE-006,2025-01-10,5,66.44
ORD-001693,CUST-00173,PROD-0020,STORE-022,2025-07-20,1,340.29
ORD-001694,CUST-00452,PROD-0092,STORE-006,2025-03-20,4,358.62
ORD-001695,CUST-00546,PROD-0056,STORE-015,2025-12-12,1,419.06
ORD-001696,CUST-00657,PROD-0170,STORE-023,2025-09-25,2,198.35
ORD-001697,CUST-00455,PROD-0014,STORE-020,2025-06-07,1,29.08
ORD-001698,CUST-00207,PROD-0238,STORE-008,2025-07-13,6,454.82
ORD-001699,CUST-00094,PROD-0005,STORE-014,2025-04-13,1,494.69
ORD-001700,CUST-00197,PROD-0175,STORE-022,2025-06-22,2,114.17
ORD-001701,CUST-00681,PROD-0043,STORE-024,2025-02-19,3,26.78
ORD-001702,CUST-00111,PROD-0209,STORE-011,2025-09-20,6,283.21
ORD-001703,CUST-00640,PROD-0054,STORE-018,2025-04-08,7,469.76
ORD-001704,CUST-00238,PROD-0055,STORE-004,2025-03-03,6,165.06
ORD-001705,CUST-00412,PROD-0168,STORE-011,2025-01-08,1,197.64
ORD-001706,CUST-00226,PROD-0017,STORE-022,2025-08-23,5,326.71
ORD-001707,CUST-00045,PROD-0018,STORE-007,2025-07-08,7,154.25
ORD-001708,CUST-00512,PROD-0027,STORE-023,2025-11-03,3,129.7
ORD-001709,CUST-00615,PROD-0084,STORE-021,2025-02-18,7,340.55
ORD-001710,CUST-00137,PROD-0086,STORE-006,2025-12-22,6,489.11
ORD-001711,CUST-00494,PROD-0018,STORE-011,2025-12-08,1,306.21
ORD-001712,CUST-00460,PROD-0098,STORE-017,2025-10-27,4,254.18
ORD-001713,CUST-00014,PROD-0060,STORE-001,2025-12-27,2,157.87
ORD-001714,CUST-00250,PROD-0159,STORE-003,2025-08-08,1,73.08
ORD-001715,CUST-00304,PROD-0052,STORE-005,2025-09-13,7,106.16
ORD-001716,CUST-00244,PROD-0237,STORE-024,2025-01-20,8,370.92
ORD-001717,CUST-00138,PROD-0072,STORE-011,2025-06-18,1,262.82
ORD-001718,CUST-00664,PROD-0209,STORE-010,2025-08-01,1,118.35
ORD-001719,CUST-00351,PROD-0063,STORE-007,2025-06-19,1,453.77
ORD-001720,CUST-00255,PROD-0206,STORE-022,2025-12-07,4,305.98
ORD-001721,CUST-00534,PROD-0083,STORE-006,2025-07-15,8,316.73
ORD-001722,CUST-00504,PROD-0018,STORE-007,2025-02-03,1,319.0
ORD-001723,CUST-00210,PROD-0033,STORE-003,2025-03-14,3,298.34
ORD-001724,CUST-00242,PROD-0130,STORE-003,2025-04-15,7,363.86
ORD-001725,CUST-00169,PROD-0185,STORE-007,2025-06-09,4,214.88
ORD-001726,CUST-00255,PROD-0078,STORE-010,2025-11-07,8,484.01
ORD-001727,CUST-00279,PROD-0221,STORE-016,2025-04-14,2,475.74
ORD-001728,CUST-00408,PROD-0097,STORE-006,2025-07-04,8,223.47
ORD-001729,CUST-00625,PROD-0189,STORE-014,2025-09-16,3,410.69
ORD-001730,CUST-00021,PROD-0196,STORE-013,2025-09-04,7,427.74
ORD-001731,CUST-00610,PROD-0138,STORE-005,2025-06-03,3,132.35
ORD-001732,CUST-00314,PROD-0117,STORE-010,2025-08-26,7,283.25
ORD-001733,CUST-00074,PROD-0086,STORE-005,2025-09-04,8,101.87
ORD-001734,CUST-00005,PROD-0004,STORE-017,2025-04-08,6,248.26
ORD-001735,CUST-00405,PROD-0249,STORE-024,2025-08-01,6,195.09
ORD-001736,CUST-00657,PROD-0151,STORE-003,2025-06-07,7,443.06
ORD-001737,CUST-00395,PROD-0239,STORE-019,2025-03-05,3,101.13
ORD-001738,CUST-00262,PROD-0198,STORE-025,2025-08-12,6,257.25
ORD-001739,CUST-00651,PROD-0177,STORE-012,2025-09-08,1,327.19
ORD-001740,CUST-00253,PROD-0063,STORE-016,2025-08-06,1,461.12
ORD-001741,CUST-00647,PROD-0181,STORE-022,2025-07-05,1,350.24
ORD-001742,CUST-00152,PROD-0067,STORE-020,2025-11-27,8,472.4
ORD-001743,CUST-00261,PROD-0064,STORE-020,2025-03-17,3,11.1
ORD-001744,CUST-00660,PROD-0183,STORE-013,2025-02-17,7,354.49
ORD-001745,CUST-00531,PROD-0233,STORE-007,2025-02-11,7,87.07
ORD-001746,CUST-00259,PROD-0178,STORE-010,2025-08-07,7,295.1
ORD-001747,CUST-00746,PROD-0223,STORE-003,2025-07-30,2,319.9
ORD-001748,CUST-00147,PROD-0069,STORE-024,2025-06-26,4,465.35
ORD-001749,CUST-00716,PROD-0079,STORE-001,2025-07-23,3,409.1
ORD-001750,CUST-00100,PROD-0018,STORE-025,2025-01-01,7,264.85
ORD-001751,CUST-00296,PROD-0188,STORE-014,2025-12-02,3,92.31
ORD-001752,CUST-00721,PROD-0035,STORE-007,2025-04-06,8,95.07
ORD-001753,CUST-00462,PROD-0146,STORE-007,2025-02-26,3,104.46
ORD-001754,CUST-00197,PROD-0067,STORE-014,2025-04-04,8,315.27
ORD-001755,CUST-00112,PROD-0223,STORE-021,2025-11-16,3,44.5
ORD-001756,CUST-00387,PROD-0032,STORE-009,2025-02-13,2,174.36
ORD-001757,CUST-00241,PROD-0123,STORE-016,2025-10-27,2,9.7
ORD-001758,CUST-00008,PROD-0171,STORE-019,2025-05-17,1,52.93
ORD-001759,CUST-00008,PROD-0097,STORE-020,2025-09-25,5,466.39
ORD-001760,CUST-00346,PROD-0155,STORE-014,2025-08-31,6,188.53
ORD-001761,CUST-00323,PROD-0210,STORE-008,2025-06-25,6,334.2
ORD-001762,CUST-00626,PROD-0015,STORE-012,2025-07-13,6,404.09
ORD-001763,CUST-00468,PROD-0223,STORE-023,2025-01-02,7,363.97
ORD-001764,CUST-00027,PROD-0155,STORE-004,2025-03-13,5,475.77
ORD-001765,CUST-00378,PROD-0116,STORE-020,2025-05-08,8,259.87
ORD-001766,CUST-00193,PROD-0001,STORE-021,2025-12-05,6,13.22
ORD-001767,CUST-00047,PROD-0249,STORE-024,2025-07-04,6,340.57
ORD-001768,CUST-00622,PROD-0125,STORE-013,2025-04-30,2,177.42
ORD-001769,CUST-00675,PROD-0220,STORE-023,2025-09-01,2,368.46
ORD-001770,CUST-00622,PROD-0050,STORE-023,2025-05-31,3,435.57
ORD-001771,CUST-00734,PROD-0130,STORE-002,2025-10-20,3,251.46
ORD-001772,CUST-00309,PROD-0214,STORE-022,2025-02-14,8,88.18
ORD-001773,CUST-00119,PROD-0124,STORE-022,2025-08-17,4,125.45
ORD-001774,CUST-00676,PROD-0180,STORE-003,2025-03-29,2,220.26
ORD-001775,CUST-00165,PROD-0238,STORE-011,2025-01-15,7,384.31
ORD-001776,CUST-00737,PROD-0066,STORE-022,2025-04-23,8,475.98
ORD-001777,CUST-00127,PROD-0171,STORE-005,2025-12-10,8,49.76
ORD-001778,CUST-00341,PROD-0224,STORE-008,2025-12-21,2,323.76
ORD-001779,CUST-00735,PROD-0191,STORE-024,2025-07-13,7,328.68
ORD-001780,CUST-00448,PROD-0207,STORE-008,2025-10-15,4,133.24
ORD-001781,CUST-00090,PROD-0029,STORE-003,2025-05-29,6,371.58
ORD-001782,CUST-00119,PROD-0147,STORE-012,2025-04-07,3,427.39
ORD-001783,CUST-00591,PROD-0189,STORE-001,2025-07-14,5,35.62
ORD-001784,CUST-00195,PROD-0217,STORE-013,2025-10-02,7,163.21
ORD-001785,CUST-00696,PROD-0240,STORE-005,2025-07-06,4,57.75
ORD-001786,CUST-00552,PROD-0219,STORE-015,2025-01-05,6,76.62
ORD-001787,CUST-00225,PROD-0128,STORE-022,2025-06-01,8,77.97
ORD-001788,CUST-00150,PROD-0192,STORE-022,2025-05-26,1,301.44
ORD-001789,CUST-00515,PROD-0177,STORE-004,2025-06-08,5,498.43
ORD-001790,CUST-00588,PROD-0123,STORE-021,2025-12-28,4,250.03
ORD-001791,CUST-00386,PROD-0016,STORE-011,2025-12-27,3,414.79
ORD-001792,CUST-00231,PROD-0180,STORE-024,2025-04-18,1,461.95
ORD-001793,CUST-00500,PROD-0187,STORE-013,2025-04-02,5,492.26
ORD-001794,CUST-00164,PROD-0006,STORE-018,2025-12-04,7,172.01
ORD-001795,CUST-00485,PROD-0090,STORE-025,2025-12-14,7,198.57
ORD-001796,CUST-00745,PROD-0073,STORE-010,2025-09-28,4,352.04
ORD-001797,CUST-00404,PROD-0025,STORE-005,2025-10-08,6,377.36
ORD-001798,CUST-00056,PROD-0218,STORE-023,2025-10-25,5,231.47
ORD-001799,CUST-00592,PROD-0036,STORE-015,2025-03-25,8,149.08
ORD-001800,CUST-00215,PROD-0056,STORE-024,2025-03-16,4,368.97
ORD-001801,CUST-00371,PROD-0186,STORE-019,2025-01-05,2,340.76
ORD-001802,CUST-00386,PROD-0244,STORE-014,2025-03-17,3,463.35
ORD-001803,CUST-00365,PROD-0250,STORE-016,2025-02-19,3,472.8
ORD-001804,CUST-00528,PROD-0167,STORE-011,2025-03-02,7,485.0
ORD-001805,CUST-00740,PROD-0104,STORE-008,2025-11-18,1,63.8
ORD-001806,CUST-00501,PROD-0078,STORE-023,2025-07-23,3,328.12
ORD-001807,CUST-00709,PROD-0204,STORE-022,2025-07-12,2,389.97
ORD-001808,CUST-00392,PROD-0071,STORE-021,2025-11-29,8,186.81
ORD-001809,CUST-00120,PROD-0022,STORE-004,2025-03-03,8,322.49
ORD-001810,CUST-00231,PROD-0006,STORE-019,2025-09-18,8,140.48
ORD-001811,CUST-00608,PROD-0047,STORE-013,2025-02-18,8,499.97
ORD-001812,CUST-00445,PROD-0077,STORE-019,2025-12-26,3,54.21
ORD-001813,CUST-00731,PROD-0233,STORE-018,2025-02-02,3,205.63
ORD-001814,CUST-00021,PROD-0101,STORE-018,2025-12-25,8,36.64
ORD-001815,CUST-00552,PROD-0183,STORE-021,2025-10-27,2,377.98
ORD-001816,CUST-00675,PROD-0230,STORE-004,2025-04-17,3,431.68
ORD-001817,CUST-00185,PROD-0002,STORE-018,2025-12-22,8,401.24
ORD-001818,CUST-00041,PROD-0033,STORE-019,2025-03-04,4,328.05
ORD-001819,CUST-00576,PROD-0066,STORE-025,2025-02-14,1,46.87
ORD-001820,CUST-00519,PROD-0077,STORE-012,2025-03-05,3,214.4
ORD-001821,CUST-00001,PROD-0064,STORE-010,2025-12-03,1,473.37
ORD-001822,CUST-00301,PROD-0169,STORE-018,2025-09-23,8,74.22
ORD-001823,CUST-00712,PROD-0081,STORE-017,2025-09-09,6,305.05
ORD-001824,CUST-00215,PROD-0177,STORE-004,2025-09-19,1,122.35
ORD-001825,CUST-00146,PROD-0077,STORE-007,2025-04-07,3,303.05
ORD-001826,CUST-00606,PROD-0092,STORE-009,2025-04-21,3,365.9
ORD-001827,CUST-00077,PROD-0141,STORE-009,2025-08-05,5,193.97
ORD-001828,CUST-00410,PROD-0117,STORE-003,2025-03-25,5,339.87
ORD-001829,CUST-00147,PROD-0138,STORE-007,2025-12-22,2,316.63
ORD-001830,CUST-00649,PROD-0179,STORE-021,2025-05-18,4,358.64
ORD-001831,CUST-00674,PROD-0166,STORE-017,2025-10-16,3,212.73
ORD-001832,CUST-00324,PROD-0202,STORE-014,2025-03-20,7,17.82
ORD-001833,CUST-00254,PROD-0020,STORE-009,2025-11-06,2,268.07
ORD-001834,CUST-00562,PROD-0105,STORE-003,2025-12-17,6,321.88
ORD-001835,CUST-00342,PROD-0200,STORE-009,2025-07-05,3,435.07
ORD-001836,CUST-00281,PROD-0003,STORE-004,2025-04-26,7,489.84
ORD-001837,CUST-00388,PROD-0244,STORE-004,2025-04-24,2,91.98
ORD-001838,CUST-00603,PROD-0211,STORE-016,2025-06-06,2,266.83
ORD-001839,CUST-00586,PROD-0222,STORE-010,2025-12-25,5,305.69
ORD-001840,CUST-00175,PROD-0082,STORE-025,2025-01-25,7,94.42
ORD-001841,CUST-00545,PROD-0142,STORE-020,2025-12-14,7,241.04
ORD-001842,CUST-00266,PROD-0003,STORE-022,2025-03-07,3,330.48
ORD-001843,CUST-00388,PROD-0146,STORE-024,2025-03-15,5,31.16
ORD-001844,CUST-00380,PROD-0182,STORE-025,2025-11-24,4,340.71
ORD-001845,CUST-00724,PROD-0118,STORE-006,2025-08-03,8,493.18
ORD-001846,CUST-00515,PROD-0074,STORE-009,2025-08-28,7,262.68
ORD-001847,CUST-00313,PROD-0163,STORE-003,2025-04-28,5,206.21
ORD-001848,CUST-00093,PROD-0163,STORE-003,2025-06-10,2,366.32
ORD-001849,CUST-00170,PROD-0148,STORE-002,2025-02-17,2,372.98
ORD-001850,CUST-00505,PROD-0207,STORE-001,2025-10-11,7,340.12
ORD-001851,CUST-00492,PROD-0128,STORE-017,2025-03-11,2,205.7
ORD-001852,CUST-00195,PROD-0234,STORE-024,2025-11-12,1,358.5
ORD-001853,CUST-00548,PROD-0192,STORE-012,2025-12-26,4,497.13
ORD-001854,CUST-00541,PROD-0176,STORE-020,2025-12-05,1,305.64
ORD-001855,CUST-00691,PROD-0239,STORE-025,2025-03-28,4,91.52
ORD-001856,CUST-00137,PROD-0132,STORE-012,2025-07-07,1,214.24
ORD-001857,CUST-00175,PROD-0096,STORE-004,2025-07-14,6,457.44
ORD-001858,CUST-00553,PROD-0218,STORE-025,2025-05-08,2,148.57
ORD-001859,CUST-00301,PROD-0068,STORE-007,2025-09-05,1,370.31
ORD-001860,CUST-00404,PROD-0056,STORE-010,2025-10-19,1,468.02
ORD-001861,CUST-00500,PROD-0015,STORE-012,2025-11-13,1,309.68
ORD-001862,CUST-00306,PROD-0091,STORE-004,2025-06-18,1,178.1
ORD-001863,CUST-00412,PROD-0091,STORE-001,2025-04-06,2,218.24
ORD-001864,CUST-00087,PROD-0136,STORE-017,2025-04-12,3,208.3
ORD-001865,CUST-00008,PROD-0040,STORE-025,2025-09-07,5,116.91
ORD-001866,CUST-00384,PROD-0077,STORE-012,2025-07-22,7,446.63
ORD-001867,CUST-00276,PROD-0028,STORE-015,2025-10-02,8,85.1
ORD-001868,CUST-00445,PROD-0002,STORE-012,2025-07-01,4,59.77
ORD-001869,CUST-00042,PROD-0035,STORE-013,2025-05-26,7,373.23
ORD-001870,CUST-00165,PROD-0171,STORE-007,2025-01-17,8,480.04
ORD-001871,CUST-00122,PROD-0108,STORE-016,2025-05-17,8,400.9
ORD-001872,CUST-00333,PROD-0193,STORE-025,2025-03-07,7,253.41
ORD-001873,CUST-00135,PROD-0029,STORE-004,2025-07-19,1,67.42
ORD-001874,CUST-00513,PROD-0004,STORE-025,2025-06-26,4,30.75
ORD-001875,CUST-00440,PROD-0250,STORE-020,2025-06-25,1,219.98
ORD-001876,CUST-00289,PROD-0125,STORE-003,2025-05-29,7,127.62
ORD-001877,CUST-00747,PROD-0131,STORE-006,2025-03-20,4,144.15
ORD-001878,CUST-00270,PROD-0180,STORE-008,2025-02-28,7,103.2
ORD-001879,CUST-00106,PROD-0180,STORE-024,2025-12-28,3,98.38
ORD-001880,CUST-00645,PROD-0163,STORE-005,2025-10-30,4,64.62
ORD-001881,CUST-00040,PROD-0071,STORE-007,2025-07-25,3,216.01
ORD-001882,CUST-00205,PROD-0024,STORE-002,2025-11-12,7,206.6
ORD-001883,CUST-00717,PROD-0163,STORE-008,2025-06-06,4,171.4
ORD-001884,CUST-00063,PROD-0131,STORE-014,2025-09-03,1,155.61
ORD-001885,CUST-00373,PROD-0072,STORE-012,2025-05-18,7,127.24
ORD-001886,CUST-00187,PROD-0011,STORE-001,2025-01-25,1,331.9
ORD-001887,CUST-00218,PROD-0074,STORE-016,2025-06-14,5,454.69
ORD-001888,CUST-00442,PROD-0048,STORE-009,2025-02-21,8,184.96
ORD-001889,CUST-00115,PROD-0025,STORE-022,2025-06-05,1,343.06
ORD-001890,CUST-00340,PROD-0093,STORE-024,2025-03-08,6,372.74
ORD-001891,CUST-00542,PROD-0155,STORE-012,2025-10-29,4,326.86
ORD-001892,CUST-00599,PROD-0099,STORE-003,2025-04-18,2,69.58
ORD-001893,CUST-00124,PROD-0011,STORE-019,2025-11-05,4,100.49
ORD-001894,CUST-00102,PROD-0020,STORE-018,2025-08-17,6,154.22
ORD-001895,CUST-00207,PROD-0137,STORE-024,2025-08-31,3,26.68
ORD-001896,CUST-00429,PROD-0141,STORE-023,2025-04-09,5,446.33
ORD-001897,CUST-00356,PROD-0230,STORE-012,2025-10-14,8,316.77
ORD-001898,CUST-00447,PROD-0018,STORE-016,2025-03-02,7,264.25
ORD-001899,CUST-00023,PROD-0043,STORE-020,2025-09-15,5,349.86
ORD-001900,CUST-00297,PROD-0012,STORE-019,2025-03-08,1,398.21
ORD-001901,CUST-00195,PROD-0190,STORE-013,2025-12-22,8,343.91
ORD-001902,CUST-00077,PROD-0043,STORE-015,2025-09-20,7,283.43
ORD-001903,CUST-00411,PROD-0156,STORE-009,2025-07-19,4,96.1
ORD-001904,CUST-00586,PROD-0056,STORE-019,2025-03-23,1,440.17
ORD-001905,CUST-00467,PROD-0129,STORE-023,2025-09-20,5,155.18
ORD-001906,CUST-00304,PROD-0182,STORE-009,2025-04-23,2,89.69
ORD-001907,CUST-00547,PROD-0061,STORE-010,2025-01-24,1,321.6
ORD-001908,CUST-00137,PROD-0070,STORE-002,2025-05-23,4,494.81
ORD-001909,CUST-00548,PROD-0030,STORE-001,2025-04-18,6,318.17
ORD-001910,CUST-00333,PROD-0022,STORE-023,2025-07-08,5,362.42
ORD-001911,CUST-00627,PROD-0076,STORE-011,2025-07-29,1,314.84
ORD-001912,CUST-00365,PROD-0057,STORE-024,2025-01-06,5,92.47
ORD-001913,CUST-00551,PROD-0169,STORE-025,2025-01-09,2,362.68
ORD-001914,CUST-00392,PROD-0243,STORE-021,2025-12-19,5,435.65
ORD-001915,CUST-00619,PROD-0142,STORE-007,2025-11-21,8,114.21
ORD-001916,CUST-00209,PROD-0149,STORE-021,2025-05-18,7,82.03
ORD-001917,CUST-00748,PROD-0186,STORE-014,2025-04-29,6,78.42
ORD-001918,CUST-00096,PROD-0127,STORE-006,2025-09-03,8,96.58
ORD-001919,CUST-00194,PROD-0146,STORE-016,2025-04-01,3,325.53
ORD-001920,CUST-00318,PROD-0042,STORE-006,2025-01-11,7,345.24
ORD-001921,CUST-00072,PROD-0037,STORE-003,2025-04-07,7,126.39
ORD-001922,CUST-00413,PROD-0026,STORE-024,2025-11-27,3,364.74
ORD-001923,CUST-00618,PROD-0026,STORE-013,2025-01-07,7,15.24
ORD-001924,CUST-00660,PROD-0240,STORE-002,2025-01-07,3,127.92
ORD-001925,CUST-00275,PROD-0037,STORE-021,2025-02-12,1,397.23
ORD-001926,CUST-00109,PROD-0139,STORE-024,2025-01-05,6,427.09
ORD-001927,CUST-00208,PROD-0036,STORE-016,2025-02-13,8,408.65
ORD-001928,CUST-00340,PROD-0123,STORE-005,2025-06-07,4,32.65
ORD-001929,CUST-00274,PROD-0161,STORE-018,2025-12-21,2,15.49
ORD-001930,CUST-00106,PROD-0140,STORE-010,2025-01-23,2,258.2
ORD-001931,CUST-00146,PROD-0001,STORE-008,2025-08-01,1,117.19
ORD-001932,CUST-00151,PROD-0091,STORE-021,2025-07-17,5,116.8
ORD-001933,CUST-00394,PROD-0176,STORE-023,2025-12-17,2,248.44
ORD-001934,CUST-00230,PROD-0027,STORE-010,2025-02-26,6,42.75
ORD-001935,CUST-00122,PROD-0093,STORE-003,2025-06-20,1,304.22
ORD-001936,CUST-00439,PROD-0136,STORE-011,2025-04-02,3,341.31
ORD-001937,CUST-00684,PROD-0176,STORE-010,2025-03-18,5,177.44
ORD-001938,CUST-00278,PROD-0235,STORE-016,2025-02-23,6,466.77
ORD-001939,CUST-00079,PROD-0202,STORE-001,2025-12-31,3,389.99
ORD-001940,CUST-00328,PROD-0038,STORE-013,2025-03-17,8,362.06
ORD-001941,CUST-00069,PROD-0029,STORE-019,2025-09-02,7,479.98
ORD-001942,CUST-00149,PROD-0024,STORE-011,2025-05-23,3,95.02
ORD-001943,CUST-00362,PROD-0082,STORE-016,2025-07-17,7,243.23
ORD-001944,CUST-00617,PROD-0204,STORE-021,2025-07-31,6,73.41
ORD-001945,CUST-00252,PROD-0099,STORE-014,2025-12-01,8,271.67
ORD-001946,CUST-00546,PROD-0138,STORE-008,2025-09-10,7,46.38
ORD-001947,CUST-00540,PROD-0148,STORE-025,2025-08-04,4,353.02
ORD-001948,CUST-00371,PROD-0001,STORE-007,2025-05-01,1,184.38
ORD-001949,CUST-00137,PROD-0236,STORE-004,2025-08-31,1,456.11
ORD-001950,CUST-00143,PROD-0076,STORE-015,2025-07-04,3,418.44
ORD-001951,CUST-00432,PROD-0063,STORE-007,2025-10-10,4,32.64
ORD-001952,CUST-00121,PROD-0247,STORE-023,2025-03-12,3,191.83
ORD-001953,CUST-00713,PROD-0248,STORE-014,2025-01-14,6,31.76
ORD-001954,CUST-00679,PROD-0149,STORE-003,2025-02-24,8,419.52
ORD-001955,CUST-00031,PROD-0038,STORE-012,2025-03-22,3,44.09
ORD-001956,CUST-00013,PROD-0146,STORE-014,2025-02-09,3,383.87
ORD-001957,CUST-00144,PROD-0192,STORE-017,2025-08-29,5,237.73
ORD-001958,CUST-00455,PROD-0201,STORE-021,2025-06-22,1,146.94
ORD-001959,CUST-00062,PROD-0226,STORE-021,2025-03-21,1,304.06
ORD-001960,CUST-00516,PROD-0042,STORE-001,2025-03-30,7,417.17
ORD-001961,CUST-00466,PROD-0142,STORE-023,2025-12-15,5,459.97
ORD-001962,CUST-00314,PROD-0182,STORE-008,2025-09-14,7,466.06
ORD-001963,CUST-00095,PROD-0134,STORE-013,2025-05-20,3,372.84
ORD-001964,CUST-00634,PROD-0015,STORE-008,2025-07-25,7,95.92
ORD-001965,CUST-00620,PROD-0216,STORE-003,2025-10-14,8,241.31
ORD-001966,CUST-00658,PROD-0104,STORE-013,2025-12-01,3,32.05
ORD-001967,CUST-00663,PROD-0109,STORE-007,2025-07-10,5,58.65
ORD-001968,CUST-00372,PROD-0155,STORE-025,2025-02-09,6,18.87
ORD-001969,CUST-00167,PROD-0139,STORE-004,2025-05-25,2,109.89
ORD-001970,CUST-00317,PROD-0049,STORE-018,2025-01-06,4,320.99
ORD-001971,CUST-00247,PROD-0069,STORE-003,2025-01-17,1,284.04
ORD-001972,CUST-00047,PROD-0013,STORE-011,2025-09-05,2,472.03
ORD-001973,CUST-00366,PROD-0193,STORE-010,2025-01-05,7,252.6
ORD-001974,CUST-00401,PROD-0186,STORE-012,2025-06-11,3,352.81
ORD-001975,CUST-00340,PROD-0105,STORE-024,2025-02-19,2,253.57
ORD-001976,CUST-00025,PROD-0151,STORE-013,2025-03-18,8,295.24
ORD-001977,CUST-00298,PROD-0042,STORE-005,2025-01-20,8,43.97
ORD-001978,CUST-00096,PROD-0244,STORE-023,2025-11-17,4,442.77
ORD-001979,CUST-00670,PROD-0037,STORE-025,2025-12-15,3,496.73
ORD-001980,CUST-00529,PROD-0187,STORE-020,2025-09-14,6,226.49
ORD-001981,CUST-00348,PROD-0075,STORE-012,2025-03-09,7,24.8
ORD-001982,CUST-00700,PROD-0100,STORE-008,2025-12-31,4,498.51
ORD-001983,CUST-00077,PROD-0246,STORE-005,2025-11-07,8,53.21
ORD-001984,CUST-00147,PROD-0197,STORE-010,2025-01-08,2,251.95
ORD-001985,CUST-00322,PROD-0044,STORE-010,2025-08-21,3,38.73
ORD-001986,CUST-00373,PROD-0091,STORE-003,2025-10-23,2,93.69
ORD-001987,CUST-00265,PROD-0122,STORE-009,2025-08-24,8,326.88
ORD-001988,CUST-00127,PROD-0249,STORE-019,2025-03-13,8,24.59
ORD-001989,CUST-00411,PROD-0105,STORE-020,2025-05-27,3,223.2
ORD-001990,CUST-00640,PROD-0244,STORE-011,2025-09-20,6,46.32
ORD-001991,CUST-00519,PROD-0116,STORE-009,2025-07-31,1,312.19
ORD-001992,CUST-00059,PROD-0190,STORE-008,2025-11-26,1,81.5
ORD-001993,CUST-00298,PROD-0097,STORE-006,2025-02-23,7,427.64
ORD-001994,CUST-00398,PROD-0224,STORE-015,2025-04-25,2,177.71
ORD-001995,CUST-00658,PROD-0137,STORE-015,2025-08-28,2,47.47
ORD-001996,CUST-00407,PROD-0197,STORE-014,2025-02-25,4,203.74
ORD-001997,CUST-00325,PROD-0088,STORE-020,2025-02-03,8,110.24
ORD-001998,CUST-00118,PROD-0072,STORE-015,2025-09-01,1,274.81
ORD-001999,CUST-00150,PROD-0164,STORE-007,2025-08-29,6,286.25
ORD-002000,CUST-00390,PROD-0016,STORE-012,2025-11-04,7,489.38
